{"stats":{"minecraft:dropped":{"minecraft:crafting_table":1,"minecraft:raw_iron":4,"minecraft:cobblestone":113,"minecraft:coal":7,"minecraft:stick":1,"minecraft:dirt":1,"minecraft:spruce_planks":3,"minecraft:wooden_pickaxe":1,"minecraft:stone_pickaxe":1,"minecraft:spruce_sapling":7},"minecraft:killed_by":{"minecraft:player":6,"minecraft:skeleton":3,"minecraft:zombie":1},"minecraft:crafted":{"minecraft:crafting_table":2,"minecraft:spruce_planks":72,"minecraft:wooden_pickaxe":2,"minecraft:furnace":1,"minecraft:air":0,"minecraft:shield":1,"minecraft:stick":16,"minecraft:iron_ingot":4,"minecraft:stone_pickaxe":2,"minecraft:wooden_axe":1,"minecraft:spruce_boat":1},"minecraft:killed":{"minecraft:spider":1,"minecraft:skeleton":2,"minecraft:zombie":1},"minecraft:mined":{"minecraft:white_bed":1,"minecraft:oak_door":1,"minecraft:crafting_table":4,"minecraft:granite":23,"minecraft:short_grass":2,"minecraft:grass_block":2,"minecraft:glass":4,"minecraft:cobblestone":2,"minecraft:spruce_leaves":3,"minecraft:tall_seagrass":1,"minecraft:coarse_dirt":3,"minecraft:spruce_sapling":1,"minecraft:birch_log":1,"minecraft:iron_ore":10,"minecraft:spruce_log":21,"minecraft:andesite":4,"minecraft:coal_ore":18,"minecraft:dirt":4,"minecraft:stone":191,"minecraft:birch_fence":1,"minecraft:fern":6},"minecraft:used":{"minecraft:netherite_sword":6,"minecraft:stone_pickaxe":196,"minecraft:wooden_pickaxe":56,"minecraft:torch":1,"minecraft:pink_concrete":2,"minecraft:dirt":2,"minecraft:crafting_table":5,"minecraft:wooden_axe":2,"minecraft:spruce_boat":2,"minecraft:spruce_sapling":1,"minecraft:cobblestone":4,"minecraft:furnace":1,"minecraft:birch_log":1,"minecraft:andesite":3},"minecraft:custom":{"minecraft:interact_with_furnace":7,"minecraft:mob_kills":4,"minecraft:interact_with_crafting_table":10,"minecraft:leave_game":7,"minecraft:time_since_death":924,"minecraft:climb_one_cm":11835,"minecraft:time_since_rest":951,"minecraft:sprint_one_cm":153391,"minecraft:damage_taken":7272,"minecraft:walk_one_cm":99107,"minecraft:drop":11,"minecraft:damage_dealt":1586,"minecraft:swim_one_cm":10349,"minecraft:talked_to_villager":1,"minecraft:fly_one_cm":215410,"minecraft:player_kills":3,"minecraft:crouch_one_cm":17251,"minecraft:play_time":55005,"minecraft:deaths":20,"minecraft:sneak_time":6806,"minecraft:walk_under_water_one_cm":8673,"minecraft:boat_one_cm":107531,"minecraft:jump":1042,"minecraft:walk_on_water_one_cm":4323,"minecraft:total_world_time":55005,"minecraft:fall_one_cm":78937},"minecraft:picked_up":{"minecraft:birch_log":1,"minecraft:coarse_dirt":3,"minecraft:crafting_table":6,"minecraft:andesite":4,"minecraft:string":1,"minecraft:dirt":5,"minecraft:bone":1,"minecraft:birch_fence":2,"minecraft:netherite_sword":1,"minecraft:netherite_axe":1,"minecraft:pink_concrete":2,"minecraft:raw_iron":10,"minecraft:stick":1,"minecraft:oak_door":2,"minecraft:torch":1,"minecraft:spruce_sapling":11,"minecraft:white_bed":1,"minecraft:spruce_log":20,"minecraft:arrow":2,"minecraft:spruce_boat":2,"minecraft:granite":23,"minecraft:coal":18,"minecraft:cobblestone":193}},"DataVersion":3700}