{"stats":{"minecraft:dropped":{"minecraft:cobbled_deepslate":2,"minecraft:crafting_table":1,"minecraft:raw_iron":4,"minecraft:rotten_flesh":1,"minecraft:cobblestone":113,"minecraft:clay_ball":96,"minecraft:rooted_dirt":3,"minecraft:granite":29,"minecraft:coal":7,"minecraft:stick":1,"minecraft:dirt":1,"minecraft:spruce_planks":3,"minecraft:wooden_axe":1,"minecraft:wooden_pickaxe":2,"minecraft:stone_pickaxe":1,"minecraft:spruce_sapling":7},"minecraft:killed_by":{"minecraft:player":6,"minecraft:skeleton":3,"minecraft:zombie":1},"minecraft:broken":{"minecraft:stone_pickaxe":3},"minecraft:crafted":{"minecraft:diamond_sword":1,"minecraft:cooked_porkchop":5,"minecraft:diamond_axe":1,"minecraft:crafting_table":3,"minecraft:spruce_planks":172,"minecraft:iron_helmet":1,"minecraft:wooden_pickaxe":3,"minecraft:furnace":2,"minecraft:air":0,"minecraft:diamond_leggings":1,"minecraft:iron_boots":1,"minecraft:diamond_pickaxe":1,"minecraft:shield":2,"minecraft:stick":48,"minecraft:iron_ingot":32,"minecraft:iron_pickaxe":1,"minecraft:stone_pickaxe":9,"minecraft:wooden_axe":2,"minecraft:stone_sword":1,"minecraft:spruce_boat":1,"minecraft:diamond_chestplate":1},"minecraft:killed":{"minecraft:pig":3,"minecraft:spider":1,"minecraft:creeper":1,"minecraft:skeleton":6,"minecraft:zombie":3},"minecraft:used":{"minecraft:netherite_sword":6,"minecraft:stone_sword":11,"minecraft:stone_pickaxe":674,"minecraft:shield":7,"minecraft:spruce_planks":2,"minecraft:wooden_pickaxe":93,"minecraft:diamond_axe":1,"minecraft:torch":1,"minecraft:pink_concrete":2,"minecraft:dirt":8,"minecraft:crafting_table":6,"minecraft:wooden_axe":31,"minecraft:spruce_boat":2,"minecraft:iron_pickaxe":116,"minecraft:spruce_sapling":1,"minecraft:diamond_sword":28,"minecraft:cobblestone":21,"minecraft:furnace":2,"minecraft:cooked_porkchop":5,"minecraft:birch_log":1,"minecraft:andesite":3,"minecraft:coarse_dirt":2,"minecraft:cobbled_deepslate":39},"minecraft:mined":{"minecraft:tuff":26,"minecraft:white_bed":1,"minecraft:mossy_cobblestone":1,"minecraft:deepslate_diamond_ore":36,"minecraft:oak_door":1,"minecraft:clay":20,"minecraft:crafting_table":5,"minecraft:granite":52,"minecraft:short_grass":3,"minecraft:grass_block":4,"minecraft:glass":4,"minecraft:tall_grass":2,"minecraft:cobblestone":13,"minecraft:spruce_leaves":3,"minecraft:deepslate_gold_ore":11,"minecraft:diorite":3,"minecraft:rooted_dirt":3,"minecraft:tall_seagrass":1,"minecraft:coarse_dirt":5,"minecraft:spruce_sapling":1,"minecraft:furnace":1,"minecraft:birch_log":1,"minecraft:iron_ore":38,"minecraft:spruce_log":46,"minecraft:andesite":30,"minecraft:coal_ore":35,"minecraft:deepslate_iron_ore":5,"minecraft:gravel":26,"minecraft:dirt":16,"minecraft:stone":453,"minecraft:deepslate":133,"minecraft:birch_fence":1,"minecraft:fern":7},"minecraft:custom":{"minecraft:interact_with_furnace":18,"minecraft:mob_kills":16,"minecraft:interact_with_crafting_table":31,"minecraft:leave_game":7,"minecraft:time_since_death":42924,"minecraft:climb_one_cm":11835,"minecraft:time_since_rest":42951,"minecraft:sprint_one_cm":210445,"minecraft:damage_taken":7535,"minecraft:walk_one_cm":213449,"minecraft:damage_blocked_by_shield":285,"minecraft:drop":20,"minecraft:damage_dealt":3254,"minecraft:swim_one_cm":14065,"minecraft:talked_to_villager":1,"minecraft:fly_one_cm":295942,"minecraft:player_kills":3,"minecraft:crouch_one_cm":24773,"minecraft:play_time":97005,"minecraft:deaths":20,"minecraft:sneak_time":9894,"minecraft:walk_under_water_one_cm":16323,"minecraft:boat_one_cm":127061,"minecraft:jump":1756,"minecraft:walk_on_water_one_cm":12220,"minecraft:total_world_time":97005,"minecraft:fall_one_cm":87393},"minecraft:picked_up":{"minecraft:birch_log":1,"minecraft:coarse_dirt":5,"minecraft:crafting_table":7,"minecraft:clay_ball":96,"minecraft:andesite":30,"minecraft:flint":3,"minecraft:tuff":26,"minecraft:string":1,"minecraft:dirt":11,"minecraft:moss_carpet":3,"minecraft:bone":8,"minecraft:birch_fence":2,"minecraft:raw_gold":11,"minecraft:cobbled_deepslate":135,"minecraft:netherite_sword":1,"minecraft:netherite_axe":1,"minecraft:moss_block":12,"minecraft:furnace":1,"minecraft:pink_concrete":2,"minecraft:raw_iron":43,"minecraft:stick":1,"minecraft:oak_door":2,"minecraft:torch":1,"minecraft:gravel":23,"minecraft:porkchop":6,"minecraft:spruce_sapling":11,"minecraft:diorite":3,"minecraft:white_bed":1,"minecraft:spruce_log":45,"minecraft:arrow":6,"minecraft:rotten_flesh":1,"minecraft:diamond":34,"minecraft:spruce_boat":2,"minecraft:granite":52,"minecraft:rooted_dirt":3,"minecraft:coal":42,"minecraft:cobblestone":471}},"DataVersion":3700}