{"stats":{"minecraft:dropped":{"minecraft:crafting_table":1,"minecraft:raw_iron":4,"minecraft:cobblestone":113,"minecraft:coal":7,"minecraft:stick":1,"minecraft:dirt":1,"minecraft:spruce_planks":3,"minecraft:wooden_pickaxe":1,"minecraft:stone_pickaxe":1,"minecraft:spruce_sapling":7},"minecraft:killed_by":{"minecraft:player":6,"minecraft:skeleton":3,"minecraft:zombie":1},"minecraft:broken":{"minecraft:stone_pickaxe":3},"minecraft:crafted":{"minecraft:cooked_porkchop":5,"minecraft:crafting_table":3,"minecraft:spruce_planks":172,"minecraft:iron_helmet":1,"minecraft:wooden_pickaxe":3,"minecraft:furnace":2,"minecraft:air":0,"minecraft:iron_boots":1,"minecraft:shield":2,"minecraft:stick":48,"minecraft:iron_ingot":30,"minecraft:iron_pickaxe":1,"minecraft:stone_pickaxe":9,"minecraft:wooden_axe":2,"minecraft:stone_sword":1,"minecraft:spruce_boat":1},"minecraft:killed":{"minecraft:pig":2,"minecraft:spider":1,"minecraft:skeleton":3,"minecraft:zombie":2},"minecraft:used":{"minecraft:netherite_sword":6,"minecraft:stone_sword":11,"minecraft:stone_pickaxe":612,"minecraft:shield":3,"minecraft:spruce_planks":2,"minecraft:wooden_pickaxe":93,"minecraft:torch":1,"minecraft:pink_concrete":2,"minecraft:dirt":8,"minecraft:crafting_table":6,"minecraft:wooden_axe":31,"minecraft:spruce_boat":2,"minecraft:iron_pickaxe":67,"minecraft:spruce_sapling":1,"minecraft:cobblestone":21,"minecraft:furnace":2,"minecraft:cooked_porkchop":3,"minecraft:birch_log":1,"minecraft:andesite":3,"minecraft:coarse_dirt":2},"minecraft:mined":{"minecraft:tuff":23,"minecraft:white_bed":1,"minecraft:deepslate_diamond_ore":28,"minecraft:oak_door":1,"minecraft:clay":20,"minecraft:crafting_table":4,"minecraft:granite":52,"minecraft:short_grass":2,"minecraft:grass_block":2,"minecraft:glass":4,"minecraft:cobblestone":13,"minecraft:spruce_leaves":3,"minecraft:deepslate_gold_ore":6,"minecraft:diorite":3,"minecraft:rooted_dirt":3,"minecraft:tall_seagrass":1,"minecraft:coarse_dirt":5,"minecraft:spruce_sapling":1,"minecraft:birch_log":1,"minecraft:iron_ore":38,"minecraft:spruce_log":46,"minecraft:andesite":29,"minecraft:coal_ore":35,"minecraft:deepslate_iron_ore":5,"minecraft:gravel":26,"minecraft:dirt":11,"minecraft:stone":399,"minecraft:deepslate":103,"minecraft:birch_fence":1,"minecraft:fern":7},"minecraft:custom":{"minecraft:interact_with_furnace":17,"minecraft:mob_kills":9,"minecraft:interact_with_crafting_table":24,"minecraft:leave_game":7,"minecraft:time_since_death":30924,"minecraft:climb_one_cm":11835,"minecraft:time_since_rest":30951,"minecraft:sprint_one_cm":185382,"minecraft:damage_taken":7442,"minecraft:walk_one_cm":181830,"minecraft:damage_blocked_by_shield":95,"minecraft:drop":11,"minecraft:damage_dealt":1992,"minecraft:swim_one_cm":10349,"minecraft:talked_to_villager":1,"minecraft:fly_one_cm":253038,"minecraft:player_kills":3,"minecraft:crouch_one_cm":23287,"minecraft:play_time":85005,"minecraft:deaths":20,"minecraft:sneak_time":9349,"minecraft:walk_under_water_one_cm":13281,"minecraft:boat_one_cm":107531,"minecraft:jump":1398,"minecraft:walk_on_water_one_cm":6796,"minecraft:total_world_time":85005,"minecraft:fall_one_cm":82921},"minecraft:picked_up":{"minecraft:birch_log":1,"minecraft:coarse_dirt":5,"minecraft:crafting_table":6,"minecraft:clay_ball":80,"minecraft:andesite":29,"minecraft:flint":3,"minecraft:tuff":23,"minecraft:string":1,"minecraft:dirt":11,"minecraft:bone":5,"minecraft:birch_fence":2,"minecraft:raw_gold":6,"minecraft:cobbled_deepslate":103,"minecraft:netherite_sword":1,"minecraft:netherite_axe":1,"minecraft:pink_concrete":2,"minecraft:raw_iron":43,"minecraft:stick":1,"minecraft:oak_door":2,"minecraft:torch":1,"minecraft:gravel":23,"minecraft:porkchop":5,"minecraft:spruce_sapling":11,"minecraft:diorite":3,"minecraft:white_bed":1,"minecraft:spruce_log":45,"minecraft:arrow":4,"minecraft:rotten_flesh":1,"minecraft:diamond":28,"minecraft:spruce_boat":2,"minecraft:granite":52,"minecraft:rooted_dirt":3,"minecraft:coal":35,"minecraft:cobblestone":412}},"DataVersion":3700}