{"stats":{"minecraft:crafted":{"minecraft:crafting_table":2,"minecraft:spruce_planks":52,"minecraft:wooden_pickaxe":2,"minecraft:furnace":1,"minecraft:air":0,"minecraft:shield":1,"minecraft:stick":16,"minecraft:iron_ingot":4,"minecraft:stone_pickaxe":2,"minecraft:wooden_axe":1,"minecraft:spruce_boat":1},"minecraft:custom":{"minecraft:interact_with_furnace":7,"minecraft:mob_kills":4,"minecraft:interact_with_crafting_table":10,"minecraft:leave_game":7,"minecraft:time_since_death":313,"minecraft:climb_one_cm":120,"minecraft:time_since_rest":338,"minecraft:sprint_one_cm":81705,"minecraft:damage_taken":2605,"minecraft:walk_one_cm":73225,"minecraft:drop":11,"minecraft:damage_dealt":924,"minecraft:talked_to_villager":1,"minecraft:swim_one_cm":8625,"minecraft:fly_one_cm":96846,"minecraft:crouch_one_cm":16506,"minecraft:play_time":39171,"minecraft:deaths":8,"minecraft:sneak_time":6466,"minecraft:walk_under_water_one_cm":4579,"minecraft:boat_one_cm":100720,"minecraft:jump":507,"minecraft:walk_on_water_one_cm":2897,"minecraft:total_world_time":39171,"minecraft:fall_one_cm":25868},"minecraft:dropped":{"minecraft:crafting_table":1,"minecraft:raw_iron":4,"minecraft:cobblestone":113,"minecraft:coal":7,"minecraft:stick":1,"minecraft:dirt":1,"minecraft:spruce_planks":3,"minecraft:stone_pickaxe":1,"minecraft:wooden_pickaxe":1,"minecraft:spruce_sapling":7},"minecraft:killed_by":{"minecraft:player":1,"minecraft:skeleton":3,"minecraft:zombie":1},"minecraft:mined":{"minecraft:white_bed":1,"minecraft:crafting_table":4,"minecraft:granite":23,"minecraft:short_grass":1,"minecraft:grass_block":2,"minecraft:glass":4,"minecraft:cobblestone":2,"minecraft:spruce_leaves":1,"minecraft:tall_seagrass":1,"minecraft:coarse_dirt":3,"minecraft:spruce_sapling":1,"minecraft:birch_log":1,"minecraft:iron_ore":10,"minecraft:spruce_log":15,"minecraft:andesite":4,"minecraft:coal_ore":18,"minecraft:dirt":4,"minecraft:stone":191,"minecraft:birch_fence":1,"minecraft:fern":1},"minecraft:used":{"minecraft:netherite_sword":6,"minecraft:stone_pickaxe":196,"minecraft:wooden_pickaxe":56,"minecraft:pink_concrete":2,"minecraft:dirt":2,"minecraft:crafting_table":5,"minecraft:spruce_boat":2,"minecraft:wooden_axe":2,"minecraft:spruce_sapling":1,"minecraft:cobblestone":4,"minecraft:furnace":1,"minecraft:andesite":3,"minecraft:birch_log":1},"minecraft:picked_up":{"minecraft:birch_log":1,"minecraft:coarse_dirt":3,"minecraft:crafting_table":6,"minecraft:andesite":4,"minecraft:string":1,"minecraft:dirt":5,"minecraft:bone":1,"minecraft:birch_fence":2,"minecraft:netherite_sword":1,"minecraft:netherite_axe":1,"minecraft:pink_concrete":2,"minecraft:raw_iron":10,"minecraft:stick":1,"minecraft:spruce_sapling":11,"minecraft:white_bed":1,"minecraft:spruce_log":15,"minecraft:arrow":2,"minecraft:spruce_boat":2,"minecraft:granite":23,"minecraft:coal":18,"minecraft:cobblestone":193},"minecraft:killed":{"minecraft:spider":1,"minecraft:skeleton":2,"minecraft:zombie":1}},"DataVersion":3700}