{"stats":{"minecraft:dropped":{"minecraft:iron_ingot":1,"minecraft:moss_block":12,"minecraft:crafting_table":1,"minecraft:cobblestone":177,"minecraft:rooted_dirt":3,"minecraft:leather":2,"minecraft:granite":29,"minecraft:coal":7,"minecraft:stick":7,"minecraft:flint":3,"minecraft:dirt":1,"minecraft:wooden_axe":1,"minecraft:spruce_sapling":7,"minecraft:bone":9,"minecraft:moss_carpet":3,"minecraft:cobbled_deepslate":2,"minecraft:tuff":26,"minecraft:raw_iron":4,"minecraft:rotten_flesh":6,"minecraft:clay_ball":96,"minecraft:spruce_planks":3,"minecraft:andesite":52,"minecraft:arrow":4,"minecraft:stone_pickaxe":2,"minecraft:wooden_pickaxe":2},"minecraft:killed_by":{"minecraft:player":7,"minecraft:skeleton":3,"minecraft:zombie":1},"minecraft:broken":{"minecraft:stone_pickaxe":3},"minecraft:crafted":{"minecraft:oak_planks":44,"minecraft:furnace":2,"minecraft:diamond_leggings":1,"minecraft:iron_boots":1,"minecraft:stone_pickaxe":9,"minecraft:spruce_boat":2,"minecraft:diamond_sword":1,"minecraft:cooked_porkchop":10,"minecraft:diamond_axe":1,"minecraft:crafting_table":3,"minecraft:spruce_planks":172,"minecraft:wooden_pickaxe":3,"minecraft:iron_helmet":1,"minecraft:bucket":2,"minecraft:air":0,"minecraft:diamond_pickaxe":1,"minecraft:shield":2,"minecraft:stick":48,"minecraft:iron_ingot":32,"minecraft:iron_pickaxe":1,"minecraft:wooden_axe":2,"minecraft:stone_sword":1,"minecraft:diamond_chestplate":1},"minecraft:killed":{"minecraft:spider":3,"minecraft:skeleton":11,"minecraft:chicken":5,"minecraft:drowned":1,"minecraft:pig":9,"minecraft:creeper":1,"minecraft:sheep":5,"minecraft:zombie":12,"minecraft:cow":1},"minecraft:used":{"minecraft:netherite_sword":6,"minecraft:stone_sword":11,"minecraft:spruce_planks":2,"minecraft:shield":23,"minecraft:torch":1,"minecraft:dirt":8,"minecraft:spruce_boat":6,"minecraft:wooden_axe":31,"minecraft:sweet_berries":3,"minecraft:furnace":4,"minecraft:cobbled_deepslate":55,"minecraft:water_bucket":11,"minecraft:stone_pickaxe":674,"minecraft:oak_planks":44,"minecraft:wooden_pickaxe":93,"minecraft:diamond_axe":19,"minecraft:pink_concrete":2,"minecraft:crafting_table":8,"minecraft:diamond_pickaxe":28,"minecraft:iron_pickaxe":116,"minecraft:spruce_sapling":1,"minecraft:diamond_sword":141,"minecraft:cobblestone":21,"minecraft:cooked_porkchop":9,"minecraft:andesite":3,"minecraft:birch_log":1,"minecraft:bucket":12,"minecraft:coarse_dirt":2},"minecraft:mined":{"minecraft:tuff":26,"minecraft:white_bed":1,"minecraft:mossy_cobblestone":1,"minecraft:deepslate_diamond_ore":36,"minecraft:oak_door":1,"minecraft:obsidian":12,"minecraft:granite":52,"minecraft:grass_block":4,"minecraft:spruce_leaves":7,"minecraft:rooted_dirt":3,"minecraft:tall_seagrass":1,"minecraft:spruce_sapling":1,"minecraft:furnace":3,"minecraft:iron_ore":38,"minecraft:cobbled_deepslate":3,"minecraft:andesite":30,"minecraft:deepslate_iron_ore":5,"minecraft:azalea":1,"minecraft:stone":458,"minecraft:crafting_table":7,"minecraft:clay":20,"minecraft:short_grass":13,"minecraft:glass":4,"minecraft:tall_grass":3,"minecraft:cobblestone":13,"minecraft:deepslate_gold_ore":11,"minecraft:diorite":5,"minecraft:coarse_dirt":5,"minecraft:birch_log":1,"minecraft:sweet_berry_bush":15,"minecraft:spruce_log":46,"minecraft:coal_ore":35,"minecraft:oak_log":11,"minecraft:dirt":16,"minecraft:gravel":26,"minecraft:fern":8,"minecraft:birch_fence":1,"minecraft:deepslate":135},"minecraft:custom":{"minecraft:mob_kills":50,"minecraft:interact_with_crafting_table":33,"minecraft:leave_game":8,"minecraft:time_since_death":88,"minecraft:climb_one_cm":12335,"minecraft:sprint_one_cm":271544,"minecraft:walk_one_cm":250993,"minecraft:damage_blocked_by_shield":1079,"minecraft:drop":35,"minecraft:talked_to_villager":1,"minecraft:play_time":120604,"minecraft:sneak_time":9944,"minecraft:deaths":21,"minecraft:walk_under_water_one_cm":28444,"minecraft:boat_one_cm":304032,"minecraft:jump":2269,"minecraft:walk_on_water_one_cm":33299,"minecraft:total_world_time":120604,"minecraft:interact_with_furnace":24,"minecraft:time_since_rest":111,"minecraft:damage_taken":8084,"minecraft:damage_dealt":8441,"minecraft:swim_one_cm":14607,"minecraft:player_kills":3,"minecraft:fly_one_cm":413265,"minecraft:crouch_one_cm":24950,"minecraft:fall_one_cm":98475},"minecraft:picked_up":{"minecraft:crafting_table":9,"minecraft:coarse_dirt":5,"minecraft:chicken":6,"minecraft:clay_ball":96,"minecraft:string":1,"minecraft:moss_carpet":3,"minecraft:birch_fence":2,"minecraft:cobbled_deepslate":140,"minecraft:netherite_sword":1,"minecraft:beef":1,"minecraft:furnace":3,"minecraft:stick":1,"minecraft:raw_iron":43,"minecraft:oak_door":2,"minecraft:torch":1,"minecraft:porkchop":18,"minecraft:diorite":5,"minecraft:arrow":6,"minecraft:rotten_flesh":6,"minecraft:mutton":6,"minecraft:obsidian":12,"minecraft:white_wool":5,"minecraft:cobblestone":474,"minecraft:birch_log":1,"minecraft:andesite":56,"minecraft:leather":2,"minecraft:flint":3,"minecraft:tuff":26,"minecraft:oak_log":11,"minecraft:dirt":11,"minecraft:bone":10,"minecraft:raw_gold":11,"minecraft:netherite_axe":1,"minecraft:bamboo":8,"minecraft:moss_block":12,"minecraft:pink_concrete":2,"minecraft:sweet_berries":34,"minecraft:gravel":23,"minecraft:spruce_sapling":11,"minecraft:white_bed":1,"minecraft:spruce_log":45,"minecraft:diamond":34,"minecraft:spruce_boat":5,"minecraft:granite":52,"minecraft:rooted_dirt":3,"minecraft:coal":52}},"DataVersion":3700}