{"stats":{"minecraft:dropped":{"minecraft:iron_ingot":1,"minecraft:moss_block":12,"minecraft:crafting_table":1,"minecraft:cobblestone":177,"minecraft:rooted_dirt":3,"minecraft:leather":2,"minecraft:granite":29,"minecraft:coal":7,"minecraft:stick":7,"minecraft:flint":3,"minecraft:dirt":1,"minecraft:wooden_axe":1,"minecraft:spruce_sapling":7,"minecraft:bone":9,"minecraft:moss_carpet":3,"minecraft:cobbled_deepslate":2,"minecraft:tuff":26,"minecraft:raw_iron":4,"minecraft:rotten_flesh":6,"minecraft:clay_ball":96,"minecraft:spruce_planks":3,"minecraft:andesite":52,"minecraft:arrow":4,"minecraft:wooden_pickaxe":2,"minecraft:stone_pickaxe":2},"minecraft:killed_by":{"minecraft:player":7,"minecraft:skeleton":3,"minecraft:zombie":1},"minecraft:broken":{"minecraft:wooden_pickaxe":1,"minecraft:stone_pickaxe":4},"minecraft:crafted":{"minecraft:wooden_sword":1,"minecraft:oak_planks":44,"minecraft:furnace":3,"minecraft:diamond_helmet":1,"minecraft:diamond_leggings":2,"minecraft:iron_boots":1,"minecraft:iron_axe":1,"minecraft:stone_pickaxe":11,"minecraft:chest":1,"minecraft:diamond_boots":1,"minecraft:spruce_boat":2,"minecraft:diamond_sword":2,"minecraft:cooked_porkchop":10,"minecraft:diamond_axe":1,"minecraft:crafting_table":5,"minecraft:spruce_planks":188,"minecraft:wooden_pickaxe":4,"minecraft:iron_helmet":1,"minecraft:bucket":4,"minecraft:birch_planks":48,"minecraft:air":0,"minecraft:diamond_pickaxe":2,"minecraft:shield":3,"minecraft:stick":76,"minecraft:iron_ingot":59,"minecraft:iron_pickaxe":2,"minecraft:wooden_axe":2,"minecraft:stone_sword":1,"minecraft:torch":16,"minecraft:diamond_chestplate":2},"minecraft:killed":{"minecraft:spider":8,"minecraft:skeleton":11,"minecraft:chicken":5,"minecraft:drowned":1,"minecraft:pig":9,"minecraft:creeper":1,"minecraft:sheep":5,"minecraft:zombie":12,"minecraft:cow":1},"minecraft:used":{"minecraft:netherite_sword":6,"minecraft:stone_sword":11,"minecraft:chest":1,"minecraft:spruce_planks":2,"minecraft:shield":23,"minecraft:torch":6,"minecraft:dirt":8,"minecraft:spruce_boat":6,"minecraft:wooden_axe":31,"minecraft:iron_axe":1,"minecraft:sweet_berries":3,"minecraft:furnace":7,"minecraft:cobbled_deepslate":55,"minecraft:water_bucket":11,"minecraft:stone_pickaxe":859,"minecraft:oak_planks":44,"minecraft:wooden_pickaxe":152,"minecraft:diamond_axe":19,"minecraft:pink_concrete":2,"minecraft:crafting_table":11,"minecraft:diamond_pickaxe":387,"minecraft:iron_pickaxe":186,"minecraft:spruce_sapling":1,"minecraft:diamond_sword":156,"minecraft:cobblestone":46,"minecraft:cooked_porkchop":9,"minecraft:andesite":3,"minecraft:birch_log":1,"minecraft:bucket":13,"minecraft:coarse_dirt":2},"minecraft:mined":{"minecraft:diamond_ore":2,"minecraft:tuff":33,"minecraft:white_bed":1,"minecraft:mossy_cobblestone":1,"minecraft:deepslate_diamond_ore":99,"minecraft:oak_door":1,"minecraft:obsidian":12,"minecraft:granite":55,"minecraft:grass_block":4,"minecraft:spruce_leaves":7,"minecraft:rooted_dirt":3,"minecraft:spawner":1,"minecraft:tall_seagrass":1,"minecraft:spruce_sapling":1,"minecraft:furnace":6,"minecraft:iron_ore":56,"minecraft:cobbled_deepslate":3,"minecraft:andesite":34,"minecraft:deepslate_iron_ore":18,"minecraft:azalea":1,"minecraft:stone":625,"minecraft:crafting_table":10,"minecraft:clay":24,"minecraft:short_grass":13,"minecraft:glass":4,"minecraft:tall_grass":3,"minecraft:cobblestone":23,"minecraft:deepslate_gold_ore":18,"minecraft:diorite":5,"minecraft:wall_torch":1,"minecraft:coarse_dirt":5,"minecraft:birch_log":13,"minecraft:sweet_berry_bush":15,"minecraft:spruce_log":50,"minecraft:birch_leaves":40,"minecraft:oak_log":11,"minecraft:coal_ore":56,"minecraft:gravel":29,"minecraft:dirt":19,"minecraft:birch_fence":1,"minecraft:deepslate":475,"minecraft:fern":9},"minecraft:custom":{"minecraft:mob_kills":55,"minecraft:interact_with_crafting_table":51,"minecraft:leave_game":9,"minecraft:time_since_death":26271,"minecraft:climb_one_cm":16647,"minecraft:sprint_one_cm":304830,"minecraft:walk_one_cm":323951,"minecraft:damage_blocked_by_shield":1079,"minecraft:drop":35,"minecraft:talked_to_villager":1,"minecraft:play_time":154827,"minecraft:deaths":22,"minecraft:sneak_time":10433,"minecraft:walk_under_water_one_cm":30387,"minecraft:boat_one_cm":304032,"minecraft:jump":2517,"minecraft:walk_on_water_one_cm":35991,"minecraft:total_world_time":154827,"minecraft:interact_with_furnace":43,"minecraft:time_since_rest":26298,"minecraft:damage_taken":8353,"minecraft:damage_dealt":9241,"minecraft:swim_one_cm":24246,"minecraft:fly_one_cm":438858,"minecraft:player_kills":3,"minecraft:open_chest":7,"minecraft:crouch_one_cm":26067,"minecraft:fall_one_cm":102046},"minecraft:picked_up":{"minecraft:crafting_table":12,"minecraft:coarse_dirt":5,"minecraft:chicken":6,"minecraft:clay_ball":112,"minecraft:string":7,"minecraft:moss_carpet":3,"minecraft:birch_fence":2,"minecraft:cobbled_deepslate":460,"minecraft:netherite_sword":1,"minecraft:beef":1,"minecraft:furnace":6,"minecraft:stick":1,"minecraft:raw_iron":77,"minecraft:oak_door":2,"minecraft:torch":3,"minecraft:porkchop":18,"minecraft:diorite":5,"minecraft:arrow":6,"minecraft:rotten_flesh":6,"minecraft:mutton":6,"minecraft:obsidian":12,"minecraft:white_wool":5,"minecraft:cobblestone":650,"minecraft:birch_log":13,"minecraft:andesite":60,"minecraft:leather":2,"minecraft:flint":4,"minecraft:tuff":33,"minecraft:oak_log":11,"minecraft:dirt":14,"minecraft:bone":10,"minecraft:raw_gold":18,"minecraft:iron_ingot":1,"minecraft:netherite_axe":1,"minecraft:bamboo":8,"minecraft:moss_block":12,"minecraft:pink_concrete":2,"minecraft:sweet_berries":34,"minecraft:gravel":25,"minecraft:spruce_sapling":11,"minecraft:white_bed":1,"minecraft:spruce_log":49,"minecraft:spider_eye":1,"minecraft:diamond":99,"minecraft:spruce_boat":5,"minecraft:granite":55,"minecraft:rooted_dirt":3,"minecraft:coal":125}},"DataVersion":3700}