{"stats":{"minecraft:dropped":{"minecraft:iron_ingot":1,"minecraft:moss_block":12,"minecraft:crafting_table":1,"minecraft:cobblestone":177,"minecraft:rooted_dirt":3,"minecraft:leather":2,"minecraft:granite":29,"minecraft:coal":7,"minecraft:stick":7,"minecraft:flint":3,"minecraft:dirt":1,"minecraft:wooden_axe":1,"minecraft:spruce_sapling":7,"minecraft:bone":9,"minecraft:moss_carpet":3,"minecraft:cobbled_deepslate":2,"minecraft:tuff":26,"minecraft:raw_iron":4,"minecraft:rotten_flesh":6,"minecraft:clay_ball":96,"minecraft:spruce_planks":3,"minecraft:andesite":52,"minecraft:arrow":4,"minecraft:wooden_pickaxe":2,"minecraft:stone_pickaxe":2},"minecraft:killed_by":{"minecraft:player":7,"minecraft:skeleton":3,"minecraft:zombie":1},"minecraft:broken":{"minecraft:wooden_pickaxe":1,"minecraft:stone_pickaxe":4},"minecraft:crafted":{"minecraft:wooden_sword":1,"minecraft:oak_planks":44,"minecraft:furnace":3,"minecraft:diamond_leggings":1,"minecraft:iron_boots":1,"minecraft:stone_pickaxe":11,"minecraft:chest":1,"minecraft:spruce_boat":2,"minecraft:diamond_sword":1,"minecraft:cooked_porkchop":10,"minecraft:diamond_axe":1,"minecraft:crafting_table":5,"minecraft:spruce_planks":188,"minecraft:wooden_pickaxe":4,"minecraft:iron_helmet":1,"minecraft:bucket":3,"minecraft:birch_planks":48,"minecraft:air":0,"minecraft:diamond_pickaxe":1,"minecraft:shield":3,"minecraft:stick":60,"minecraft:iron_ingot":39,"minecraft:iron_pickaxe":2,"minecraft:wooden_axe":2,"minecraft:stone_sword":1,"minecraft:diamond_chestplate":1},"minecraft:killed":{"minecraft:spider":3,"minecraft:skeleton":11,"minecraft:chicken":5,"minecraft:drowned":1,"minecraft:pig":9,"minecraft:creeper":1,"minecraft:sheep":5,"minecraft:zombie":12,"minecraft:cow":1},"minecraft:used":{"minecraft:netherite_sword":6,"minecraft:stone_sword":11,"minecraft:chest":1,"minecraft:spruce_planks":2,"minecraft:shield":23,"minecraft:torch":1,"minecraft:dirt":8,"minecraft:spruce_boat":6,"minecraft:wooden_axe":31,"minecraft:sweet_berries":3,"minecraft:furnace":6,"minecraft:cobbled_deepslate":55,"minecraft:water_bucket":11,"minecraft:stone_pickaxe":859,"minecraft:oak_planks":44,"minecraft:wooden_pickaxe":152,"minecraft:diamond_axe":19,"minecraft:pink_concrete":2,"minecraft:crafting_table":10,"minecraft:diamond_pickaxe":28,"minecraft:iron_pickaxe":177,"minecraft:spruce_sapling":1,"minecraft:diamond_sword":141,"minecraft:cobblestone":33,"minecraft:cooked_porkchop":9,"minecraft:andesite":3,"minecraft:birch_log":1,"minecraft:bucket":13,"minecraft:coarse_dirt":2},"minecraft:mined":{"minecraft:tuff":26,"minecraft:white_bed":1,"minecraft:mossy_cobblestone":1,"minecraft:deepslate_diamond_ore":42,"minecraft:oak_door":1,"minecraft:obsidian":12,"minecraft:granite":55,"minecraft:grass_block":4,"minecraft:spruce_leaves":7,"minecraft:rooted_dirt":3,"minecraft:tall_seagrass":1,"minecraft:spruce_sapling":1,"minecraft:furnace":5,"minecraft:iron_ore":56,"minecraft:cobbled_deepslate":3,"minecraft:andesite":34,"minecraft:deepslate_iron_ore":9,"minecraft:azalea":1,"minecraft:stone":625,"minecraft:crafting_table":9,"minecraft:clay":24,"minecraft:short_grass":13,"minecraft:glass":4,"minecraft:tall_grass":3,"minecraft:cobblestone":15,"minecraft:deepslate_gold_ore":11,"minecraft:diorite":5,"minecraft:coarse_dirt":5,"minecraft:birch_log":13,"minecraft:sweet_berry_bush":15,"minecraft:spruce_log":50,"minecraft:birch_leaves":40,"minecraft:oak_log":11,"minecraft:coal_ore":56,"minecraft:gravel":29,"minecraft:dirt":19,"minecraft:birch_fence":1,"minecraft:deepslate":201,"minecraft:fern":9},"minecraft:custom":{"minecraft:mob_kills":50,"minecraft:interact_with_crafting_table":45,"minecraft:leave_game":9,"minecraft:time_since_death":14271,"minecraft:climb_one_cm":16647,"minecraft:sprint_one_cm":302748,"minecraft:walk_one_cm":293080,"minecraft:damage_blocked_by_shield":1079,"minecraft:drop":35,"minecraft:talked_to_villager":1,"minecraft:play_time":142827,"minecraft:deaths":22,"minecraft:sneak_time":10238,"minecraft:walk_under_water_one_cm":30387,"minecraft:boat_one_cm":304032,"minecraft:jump":2480,"minecraft:walk_on_water_one_cm":35991,"minecraft:total_world_time":142827,"minecraft:interact_with_furnace":37,"minecraft:time_since_rest":14298,"minecraft:damage_taken":8329,"minecraft:damage_dealt":8441,"minecraft:swim_one_cm":24246,"minecraft:fly_one_cm":438397,"minecraft:player_kills":3,"minecraft:open_chest":4,"minecraft:crouch_one_cm":25631,"minecraft:fall_one_cm":102046},"minecraft:picked_up":{"minecraft:crafting_table":11,"minecraft:coarse_dirt":5,"minecraft:chicken":6,"minecraft:clay_ball":112,"minecraft:string":1,"minecraft:moss_carpet":3,"minecraft:birch_fence":2,"minecraft:cobbled_deepslate":205,"minecraft:netherite_sword":1,"minecraft:beef":1,"minecraft:furnace":5,"minecraft:stick":1,"minecraft:raw_iron":65,"minecraft:oak_door":2,"minecraft:torch":1,"minecraft:porkchop":18,"minecraft:diorite":5,"minecraft:arrow":6,"minecraft:rotten_flesh":6,"minecraft:mutton":6,"minecraft:obsidian":12,"minecraft:white_wool":5,"minecraft:cobblestone":642,"minecraft:birch_log":13,"minecraft:andesite":60,"minecraft:leather":2,"minecraft:flint":4,"minecraft:tuff":26,"minecraft:oak_log":11,"minecraft:dirt":14,"minecraft:bone":10,"minecraft:raw_gold":11,"minecraft:netherite_axe":1,"minecraft:bamboo":8,"minecraft:moss_block":12,"minecraft:pink_concrete":2,"minecraft:sweet_berries":34,"minecraft:gravel":25,"minecraft:spruce_sapling":11,"minecraft:white_bed":1,"minecraft:spruce_log":49,"minecraft:diamond":40,"minecraft:spruce_boat":5,"minecraft:granite":55,"minecraft:rooted_dirt":3,"minecraft:coal":110}},"DataVersion":3700}