{"stats":{"minecraft:dropped":{"minecraft:iron_ingot":1,"minecraft:moss_block":12,"minecraft:crafting_table":1,"minecraft:feather":1,"minecraft:cobblestone":177,"minecraft:rooted_dirt":3,"minecraft:leather":2,"minecraft:granite":32,"minecraft:coal":7,"minecraft:stick":7,"minecraft:flint":3,"minecraft:dirt":4,"minecraft:wooden_axe":1,"minecraft:spruce_sapling":7,"minecraft:bone":23,"minecraft:gravel":4,"minecraft:moss_carpet":3,"minecraft:cobbled_deepslate":4,"minecraft:tuff":26,"minecraft:raw_iron":4,"minecraft:rotten_flesh":6,"minecraft:clay_ball":96,"minecraft:spruce_planks":3,"minecraft:andesite":56,"minecraft:purple_bed":3,"minecraft:arrow":8,"minecraft:wooden_pickaxe":2,"minecraft:stone_pickaxe":2},"minecraft:killed_by":{"minecraft:player":7,"minecraft:skeleton":3,"minecraft:zombie":1},"minecraft:broken":{"minecraft:wooden_pickaxe":1,"minecraft:stone_pickaxe":4},"minecraft:crafted":{"minecraft:wooden_sword":1,"minecraft:oak_planks":44,"minecraft:cooked_chicken":1,"minecraft:furnace":3,"minecraft:diamond_helmet":1,"minecraft:diamond_leggings":2,"minecraft:iron_boots":1,"minecraft:iron_axe":1,"minecraft:stone_pickaxe":11,"minecraft:chest":3,"minecraft:diamond_boots":1,"minecraft:spruce_boat":2,"minecraft:diamond_sword":2,"minecraft:cooked_porkchop":10,"minecraft:diamond_axe":1,"minecraft:crafting_table":5,"minecraft:spruce_planks":308,"minecraft:wooden_pickaxe":4,"minecraft:iron_helmet":1,"minecraft:bucket":4,"minecraft:birch_planks":48,"minecraft:air":0,"minecraft:diamond_pickaxe":2,"minecraft:shield":3,"minecraft:stick":76,"minecraft:iron_ingot":59,"minecraft:iron_pickaxe":2,"minecraft:wooden_axe":2,"minecraft:stone_sword":1,"minecraft:torch":16,"minecraft:diamond_chestplate":2},"minecraft:killed":{"minecraft:spider":8,"minecraft:skeleton":13,"minecraft:chicken":6,"minecraft:drowned":1,"minecraft:pig":9,"minecraft:creeper":1,"minecraft:sheep":5,"minecraft:zombie":14,"minecraft:cow":2},"minecraft:used":{"minecraft:netherite_sword":6,"minecraft:stone_sword":11,"minecraft:chest":3,"minecraft:spruce_planks":2,"minecraft:shield":25,"minecraft:cooked_chicken":1,"minecraft:torch":8,"minecraft:dirt":8,"minecraft:spruce_stairs":1,"minecraft:spruce_boat":6,"minecraft:wooden_axe":31,"minecraft:lava_bucket":1,"minecraft:iron_axe":37,"minecraft:sweet_berries":6,"minecraft:furnace":8,"minecraft:cobbled_deepslate":55,"minecraft:water_bucket":14,"minecraft:stone_pickaxe":859,"minecraft:oak_planks":44,"minecraft:wooden_pickaxe":152,"minecraft:diamond_axe":19,"minecraft:pink_concrete":2,"minecraft:glow_berries":11,"minecraft:crafting_table":12,"minecraft:diamond_pickaxe":601,"minecraft:iron_pickaxe":186,"minecraft:spruce_sapling":1,"minecraft:diamond_sword":201,"minecraft:purple_bed":1,"minecraft:cobblestone":51,"minecraft:cooked_porkchop":9,"minecraft:andesite":3,"minecraft:birch_log":1,"minecraft:bucket":18,"minecraft:coarse_dirt":2},"minecraft:mined":{"minecraft:diamond_ore":2,"minecraft:spruce_planks":1,"minecraft:tuff":57,"minecraft:white_bed":1,"minecraft:mossy_cobblestone":1,"minecraft:deepslate_diamond_ore":131,"minecraft:oak_door":1,"minecraft:obsidian":12,"minecraft:cave_vines_plant":5,"minecraft:granite":55,"minecraft:grass_block":4,"minecraft:spruce_leaves":7,"minecraft:moss_block":2,"minecraft:rooted_dirt":3,"minecraft:spawner":1,"minecraft:tall_seagrass":1,"minecraft:spruce_sapling":1,"minecraft:furnace":7,"minecraft:iron_ore":56,"minecraft:cobbled_deepslate":3,"minecraft:andesite":34,"minecraft:bell":1,"minecraft:cave_vines":13,"minecraft:deepslate_iron_ore":19,"minecraft:azalea":2,"minecraft:stone":635,"minecraft:crafting_table":11,"minecraft:clay":24,"minecraft:short_grass":14,"minecraft:dead_bush":1,"minecraft:glass":4,"minecraft:tall_grass":4,"minecraft:cobblestone":23,"minecraft:deepslate_gold_ore":22,"minecraft:grindstone":1,"minecraft:diorite":5,"minecraft:blue_bed":6,"minecraft:wall_torch":3,"minecraft:spruce_stairs":1,"minecraft:purple_bed":5,"minecraft:coarse_dirt":5,"minecraft:birch_log":13,"minecraft:sweet_berry_bush":19,"minecraft:spruce_log":82,"minecraft:birch_leaves":40,"minecraft:oak_log":11,"minecraft:coal_ore":56,"minecraft:gravel":29,"minecraft:dirt":19,"minecraft:birch_fence":1,"minecraft:deepslate":613,"minecraft:fern":10},"minecraft:custom":{"minecraft:mob_kills":61,"minecraft:interact_with_crafting_table":52,"minecraft:leave_game":10,"minecraft:time_since_death":45910,"minecraft:climb_one_cm":16858,"minecraft:sprint_one_cm":369368,"minecraft:walk_one_cm":369577,"minecraft:damage_blocked_by_shield":1139,"minecraft:drop":50,"minecraft:talked_to_villager":4,"minecraft:play_time":174466,"minecraft:deaths":22,"minecraft:sneak_time":10902,"minecraft:walk_under_water_one_cm":32601,"minecraft:boat_one_cm":304032,"minecraft:jump":3009,"minecraft:walk_on_water_one_cm":39237,"minecraft:total_world_time":174466,"minecraft:interact_with_furnace":45,"minecraft:sleep_in_bed":2,"minecraft:time_since_rest":938,"minecraft:damage_taken":8428,"minecraft:damage_dealt":10226,"minecraft:swim_one_cm":27404,"minecraft:fly_one_cm":516188,"minecraft:player_kills":3,"minecraft:open_chest":19,"minecraft:crouch_one_cm":27276,"minecraft:fall_one_cm":113642},"minecraft:picked_up":{"minecraft:crafting_table":13,"minecraft:coarse_dirt":5,"minecraft:chicken":7,"minecraft:clay_ball":112,"minecraft:string":7,"minecraft:moss_carpet":3,"minecraft:birch_fence":2,"minecraft:cobbled_deepslate":462,"minecraft:netherite_sword":1,"minecraft:spruce_planks":1,"minecraft:beef":2,"minecraft:furnace":7,"minecraft:stick":3,"minecraft:raw_iron":78,"minecraft:oak_door":2,"minecraft:torch":6,"minecraft:spruce_stairs":1,"minecraft:porkchop":18,"minecraft:diorite":5,"minecraft:arrow":10,"minecraft:rotten_flesh":8,"minecraft:glow_berries":11,"minecraft:mutton":6,"minecraft:obsidian":12,"minecraft:white_wool":5,"minecraft:cobblestone":660,"minecraft:birch_log":13,"minecraft:feather":1,"minecraft:andesite":60,"minecraft:leather":3,"minecraft:flint":4,"minecraft:tuff":57,"minecraft:oak_log":11,"minecraft:blue_bed":6,"minecraft:dirt":14,"minecraft:bone":28,"minecraft:raw_gold":22,"minecraft:grindstone":1,"minecraft:bell":1,"minecraft:iron_ingot":1,"minecraft:netherite_axe":1,"minecraft:bamboo":8,"minecraft:moss_block":12,"minecraft:pink_concrete":2,"minecraft:sweet_berries":54,"minecraft:gravel":27,"minecraft:spruce_sapling":11,"minecraft:white_bed":1,"minecraft:spruce_log":79,"minecraft:spider_eye":1,"minecraft:purple_bed":8,"minecraft:diamond":131,"minecraft:spruce_boat":5,"minecraft:granite":55,"minecraft:rooted_dirt":3,"minecraft:coal":125}},"DataVersion":3700}