{"stats":{"minecraft:dropped":{"minecraft:crafting_table":1,"minecraft:raw_iron":4,"minecraft:cobblestone":113,"minecraft:coal":7,"minecraft:stick":1,"minecraft:dirt":1,"minecraft:spruce_planks":3,"minecraft:wooden_pickaxe":1,"minecraft:stone_pickaxe":1,"minecraft:spruce_sapling":7},"minecraft:killed_by":{"minecraft:player":6,"minecraft:skeleton":3,"minecraft:zombie":1},"minecraft:broken":{"minecraft:stone_pickaxe":1},"minecraft:crafted":{"minecraft:cooked_porkchop":3,"minecraft:crafting_table":3,"minecraft:spruce_planks":76,"minecraft:iron_helmet":1,"minecraft:wooden_pickaxe":3,"minecraft:furnace":2,"minecraft:air":0,"minecraft:iron_boots":1,"minecraft:shield":2,"minecraft:stick":28,"minecraft:iron_ingot":18,"minecraft:iron_pickaxe":1,"minecraft:stone_pickaxe":4,"minecraft:wooden_axe":2,"minecraft:stone_sword":1,"minecraft:spruce_boat":1},"minecraft:killed":{"minecraft:pig":2,"minecraft:spider":1,"minecraft:skeleton":3,"minecraft:zombie":2},"minecraft:mined":{"minecraft:white_bed":1,"minecraft:oak_door":1,"minecraft:crafting_table":4,"minecraft:granite":23,"minecraft:short_grass":2,"minecraft:grass_block":2,"minecraft:glass":4,"minecraft:cobblestone":3,"minecraft:spruce_leaves":3,"minecraft:tall_seagrass":1,"minecraft:coarse_dirt":5,"minecraft:spruce_sapling":1,"minecraft:birch_log":1,"minecraft:iron_ore":33,"minecraft:spruce_log":22,"minecraft:andesite":22,"minecraft:coal_ore":35,"minecraft:dirt":11,"minecraft:stone":272,"minecraft:birch_fence":1,"minecraft:fern":6},"minecraft:used":{"minecraft:netherite_sword":6,"minecraft:stone_sword":11,"minecraft:stone_pickaxe":331,"minecraft:shield":3,"minecraft:spruce_planks":2,"minecraft:wooden_pickaxe":61,"minecraft:torch":1,"minecraft:pink_concrete":2,"minecraft:dirt":8,"minecraft:crafting_table":6,"minecraft:wooden_axe":3,"minecraft:spruce_boat":2,"minecraft:spruce_sapling":1,"minecraft:cobblestone":9,"minecraft:furnace":2,"minecraft:cooked_porkchop":2,"minecraft:birch_log":1,"minecraft:andesite":3,"minecraft:coarse_dirt":2},"minecraft:custom":{"minecraft:interact_with_furnace":13,"minecraft:mob_kills":9,"minecraft:interact_with_crafting_table":22,"minecraft:leave_game":7,"minecraft:time_since_death":12924,"minecraft:climb_one_cm":11835,"minecraft:time_since_rest":12951,"minecraft:sprint_one_cm":172206,"minecraft:damage_taken":7432,"minecraft:walk_one_cm":133759,"minecraft:damage_blocked_by_shield":95,"minecraft:drop":11,"minecraft:damage_dealt":1992,"minecraft:swim_one_cm":10349,"minecraft:talked_to_villager":1,"minecraft:fly_one_cm":245662,"minecraft:player_kills":3,"minecraft:crouch_one_cm":20728,"minecraft:play_time":67005,"minecraft:deaths":20,"minecraft:sneak_time":8188,"minecraft:walk_under_water_one_cm":13113,"minecraft:boat_one_cm":107531,"minecraft:jump":1223,"minecraft:walk_on_water_one_cm":6483,"minecraft:total_world_time":67005,"minecraft:fall_one_cm":82652},"minecraft:picked_up":{"minecraft:birch_log":1,"minecraft:coarse_dirt":5,"minecraft:crafting_table":6,"minecraft:andesite":22,"minecraft:string":1,"minecraft:dirt":11,"minecraft:bone":5,"minecraft:birch_fence":2,"minecraft:netherite_sword":1,"minecraft:netherite_axe":1,"minecraft:pink_concrete":2,"minecraft:raw_iron":33,"minecraft:stick":1,"minecraft:oak_door":2,"minecraft:torch":1,"minecraft:porkchop":5,"minecraft:spruce_sapling":11,"minecraft:white_bed":1,"minecraft:spruce_log":21,"minecraft:arrow":4,"minecraft:rotten_flesh":1,"minecraft:spruce_boat":2,"minecraft:granite":23,"minecraft:coal":35,"minecraft:cobblestone":275}},"DataVersion":3700}