{"stats":{"minecraft:dropped":{"minecraft:moss_carpet":3,"minecraft:moss_block":12,"minecraft:cobbled_deepslate":2,"minecraft:crafting_table":1,"minecraft:tuff":26,"minecraft:raw_iron":4,"minecraft:rotten_flesh":1,"minecraft:cobblestone":113,"minecraft:clay_ball":96,"minecraft:rooted_dirt":3,"minecraft:granite":29,"minecraft:coal":7,"minecraft:stick":7,"minecraft:dirt":1,"minecraft:spruce_planks":3,"minecraft:wooden_axe":1,"minecraft:arrow":4,"minecraft:wooden_pickaxe":2,"minecraft:stone_pickaxe":1,"minecraft:spruce_sapling":7},"minecraft:killed_by":{"minecraft:player":6,"minecraft:skeleton":3,"minecraft:zombie":1},"minecraft:broken":{"minecraft:stone_pickaxe":3},"minecraft:crafted":{"minecraft:oak_planks":24,"minecraft:diamond_sword":1,"minecraft:cooked_porkchop":8,"minecraft:diamond_axe":1,"minecraft:crafting_table":3,"minecraft:spruce_planks":172,"minecraft:iron_helmet":1,"minecraft:wooden_pickaxe":3,"minecraft:furnace":2,"minecraft:bucket":2,"minecraft:air":0,"minecraft:diamond_leggings":1,"minecraft:iron_boots":1,"minecraft:diamond_pickaxe":1,"minecraft:shield":2,"minecraft:stick":48,"minecraft:iron_ingot":32,"minecraft:iron_pickaxe":1,"minecraft:stone_pickaxe":9,"minecraft:wooden_axe":2,"minecraft:stone_sword":1,"minecraft:spruce_boat":2,"minecraft:diamond_chestplate":1},"minecraft:killed":{"minecraft:pig":6,"minecraft:spider":3,"minecraft:creeper":1,"minecraft:skeleton":11,"minecraft:zombie":10,"minecraft:chicken":5},"minecraft:mined":{"minecraft:tuff":26,"minecraft:white_bed":1,"minecraft:mossy_cobblestone":1,"minecraft:deepslate_diamond_ore":36,"minecraft:oak_door":1,"minecraft:obsidian":12,"minecraft:clay":20,"minecraft:crafting_table":7,"minecraft:granite":52,"minecraft:short_grass":6,"minecraft:grass_block":4,"minecraft:glass":4,"minecraft:tall_grass":3,"minecraft:cobblestone":13,"minecraft:spruce_leaves":7,"minecraft:deepslate_gold_ore":11,"minecraft:diorite":5,"minecraft:rooted_dirt":3,"minecraft:tall_seagrass":1,"minecraft:coarse_dirt":5,"minecraft:spruce_sapling":1,"minecraft:furnace":2,"minecraft:sweet_berry_bush":15,"minecraft:cobbled_deepslate":3,"minecraft:birch_log":1,"minecraft:iron_ore":38,"minecraft:spruce_log":46,"minecraft:andesite":30,"minecraft:oak_log":6,"minecraft:coal_ore":35,"minecraft:deepslate_iron_ore":5,"minecraft:gravel":26,"minecraft:dirt":16,"minecraft:azalea":1,"minecraft:stone":453,"minecraft:deepslate":135,"minecraft:birch_fence":1,"minecraft:fern":7},"minecraft:used":{"minecraft:water_bucket":10,"minecraft:netherite_sword":6,"minecraft:stone_sword":11,"minecraft:stone_pickaxe":674,"minecraft:shield":13,"minecraft:spruce_planks":2,"minecraft:wooden_pickaxe":93,"minecraft:diamond_axe":10,"minecraft:torch":1,"minecraft:pink_concrete":2,"minecraft:dirt":8,"minecraft:crafting_table":8,"minecraft:wooden_axe":31,"minecraft:spruce_boat":3,"minecraft:diamond_pickaxe":21,"minecraft:iron_pickaxe":116,"minecraft:spruce_sapling":1,"minecraft:sweet_berries":3,"minecraft:diamond_sword":111,"minecraft:cobblestone":21,"minecraft:furnace":4,"minecraft:cooked_porkchop":7,"minecraft:bucket":12,"minecraft:birch_log":1,"minecraft:andesite":3,"minecraft:coarse_dirt":2,"minecraft:cobbled_deepslate":55},"minecraft:custom":{"minecraft:interact_with_furnace":23,"minecraft:mob_kills":38,"minecraft:interact_with_crafting_table":33,"minecraft:leave_game":7,"minecraft:time_since_death":54924,"minecraft:climb_one_cm":11835,"minecraft:time_since_rest":54951,"minecraft:sprint_one_cm":235348,"minecraft:damage_taken":7730,"minecraft:walk_one_cm":239889,"minecraft:damage_blocked_by_shield":514,"minecraft:drop":25,"minecraft:damage_dealt":6681,"minecraft:swim_one_cm":14065,"minecraft:talked_to_villager":1,"minecraft:fly_one_cm":318960,"minecraft:player_kills":3,"minecraft:crouch_one_cm":24950,"minecraft:play_time":109005,"minecraft:deaths":20,"minecraft:sneak_time":9929,"minecraft:walk_under_water_one_cm":28057,"minecraft:boat_one_cm":138935,"minecraft:jump":1927,"minecraft:walk_on_water_one_cm":31864,"minecraft:total_world_time":109005,"minecraft:fall_one_cm":89812},"minecraft:picked_up":{"minecraft:birch_log":1,"minecraft:coarse_dirt":5,"minecraft:crafting_table":9,"minecraft:chicken":6,"minecraft:clay_ball":96,"minecraft:andesite":30,"minecraft:flint":3,"minecraft:tuff":26,"minecraft:oak_log":6,"minecraft:string":1,"minecraft:dirt":11,"minecraft:moss_carpet":3,"minecraft:bone":10,"minecraft:birch_fence":2,"minecraft:raw_gold":11,"minecraft:cobbled_deepslate":140,"minecraft:netherite_sword":1,"minecraft:netherite_axe":1,"minecraft:moss_block":12,"minecraft:furnace":2,"minecraft:pink_concrete":2,"minecraft:raw_iron":43,"minecraft:stick":1,"minecraft:oak_door":2,"minecraft:sweet_berries":34,"minecraft:torch":1,"minecraft:gravel":23,"minecraft:porkchop":10,"minecraft:spruce_sapling":11,"minecraft:diorite":5,"minecraft:white_bed":1,"minecraft:spruce_log":45,"minecraft:arrow":6,"minecraft:rotten_flesh":1,"minecraft:diamond":34,"minecraft:spruce_boat":3,"minecraft:granite":52,"minecraft:rooted_dirt":3,"minecraft:obsidian":12,"minecraft:coal":42,"minecraft:cobblestone":471}},"DataVersion":3700}