{"stats":{"minecraft:crafted":{"minecraft:spruce_boat":1},"minecraft:custom":{"minecraft:interact_with_furnace":1,"minecraft:mob_kills":4,"minecraft:interact_with_crafting_table":2,"minecraft:interact_with_cartography_table":2,"minecraft:interact_with_stonecutter":1,"minecraft:leave_game":1,"minecraft:time_since_death":96202,"minecraft:climb_one_cm":733,"minecraft:time_since_rest":96202,"minecraft:sprint_one_cm":81096,"minecraft:damage_taken":50,"minecraft:walk_one_cm":311075,"minecraft:drop":44,"minecraft:damage_dealt":769,"minecraft:interact_with_beacon":1,"minecraft:fly_one_cm":238806,"minecraft:player_kills":1,"minecraft:crouch_one_cm":19345,"minecraft:play_time":96202,"minecraft:sneak_time":7442,"minecraft:walk_under_water_one_cm":6125,"minecraft:jump":459,"minecraft:walk_on_water_one_cm":8706,"minecraft:total_world_time":96202,"minecraft:fall_one_cm":2135},"minecraft:dropped":{"minecraft:oak_door":5,"minecraft:furnace":2,"minecraft:anvil":1,"minecraft:purple_glazed_terracotta":1,"minecraft:bamboo_hanging_sign":1,"minecraft:crafting_table":2,"minecraft:netherite_sword":1,"minecraft:birch_sapling":1,"minecraft:netherite_axe":1,"minecraft:oak_planks":1,"minecraft:villager_spawn_egg":1,"minecraft:iron_hoe":1,"minecraft:amethyst_block":2,"minecraft:fletching_table":2,"minecraft:quartz_pillar":1,"minecraft:spruce_door":128,"minecraft:budding_amethyst":1,"minecraft:white_bed":1,"minecraft:red_terracotta":2,"minecraft:stick":6,"minecraft:redstone_lamp":1,"minecraft:dirt":2,"minecraft:packed_ice":1,"minecraft:torch":2,"minecraft:jungle_stairs":1,"minecraft:quartz_block":2,"minecraft:glowstone":1,"minecraft:ladder":1,"minecraft:stonecutter":1,"minecraft:glass":1,"minecraft:stripped_oak_wood":1,"minecraft:enchanting_table":1,"minecraft:cartography_table":1,"minecraft:spruce_sapling":3,"minecraft:lectern":1},"minecraft:mined":{"minecraft:short_grass":1,"minecraft:dead_bush":1,"minecraft:large_fern":6,"minecraft:fern":4},"minecraft:used":{"minecraft:water_bucket":78,"minecraft:netherite_sword":7,"minecraft:enchanting_table":2,"minecraft:amethyst_block":269,"minecraft:spruce_door":5,"minecraft:oak_planks":238,"minecraft:ladder":37,"minecraft:cartography_table":26,"minecraft:spruce_planks":55,"minecraft:purple_glazed_terracotta":4,"minecraft:fletching_table":3,"minecraft:beacon":4,"minecraft:stonecutter":17,"minecraft:oak_door":19,"minecraft:torch":47,"minecraft:dirt":42,"minecraft:anvil":15,"minecraft:crafting_table":3,"minecraft:white_bed":3,"minecraft:painting":6,"minecraft:dark_oak_door":8,"minecraft:spruce_boat":5,"minecraft:glass":915,"minecraft:iron_hoe":34,"minecraft:dark_oak_planks":4,"minecraft:packed_ice":70,"minecraft:sea_lantern":81,"minecraft:villager_spawn_egg":4,"minecraft:quartz_pillar":154,"minecraft:lantern":15,"minecraft:birch_sapling":2,"minecraft:bamboo_hanging_sign":7,"minecraft:quartz_block":343,"minecraft:lectern":4,"minecraft:jungle_stairs":8,"minecraft:red_terracotta":330,"minecraft:budding_amethyst":1,"minecraft:glowstone":78,"minecraft:redstone_lamp":16,"minecraft:furnace":7,"minecraft:stripped_oak_wood":375,"minecraft:smithing_table":2,"minecraft:gold_block":298,"minecraft:stripped_oak_log":104,"minecraft:bone_meal":6},"minecraft:picked_up":{"minecraft:enchanting_table":1,"minecraft:ladder":1,"minecraft:anvil":1,"minecraft:redstone_lamp":1,"minecraft:brown_mushroom":3,"minecraft:packed_ice":1,"minecraft:amethyst_block":2,"minecraft:dirt":1,"minecraft:glass":1,"minecraft:cartography_table":1,"minecraft:stripped_oak_wood":1,"minecraft:fletching_table":2,"minecraft:lectern":1,"minecraft:birch_sapling":1,"minecraft:oak_planks":1,"minecraft:phantom_membrane":1,"minecraft:furnace":1,"minecraft:pink_concrete":4,"minecraft:stick":12,"minecraft:oak_door":4,"minecraft:bamboo_hanging_sign":1,"minecraft:torch":4,"minecraft:spruce_sapling":9,"minecraft:white_bed":1,"minecraft:red_terracotta":2,"minecraft:spruce_door":128,"minecraft:quartz_block":1,"minecraft:iron_hoe":1,"minecraft:rotten_flesh":1,"minecraft:glowstone":1,"minecraft:white_concrete":1},"minecraft:killed":{"minecraft:zombie":1,"minecraft:villager":3}},"DataVersion":3700}