{"stats":{"minecraft:killed_by":{"minecraft:player":1},"minecraft:killed":{"minecraft:villager":1},"minecraft:mined":{"minecraft:sand":3,"minecraft:spruce_leaves":2},"minecraft:used":{"minecraft:birch_fence":25,"minecraft:bedrock":44,"minecraft:pink_concrete":62,"minecraft:diamond_block":40,"minecraft:sand":3,"minecraft:stripped_jungle_log":70,"minecraft:white_carpet":1,"minecraft:end_crystal":28,"minecraft:flint_and_steel":144,"minecraft:podzol":1,"minecraft:smooth_sandstone":236,"minecraft:chiseled_quartz_block":275,"minecraft:stripped_oak_log":6,"minecraft:white_concrete":32,"minecraft:spruce_fence_gate":2,"minecraft:obsidian":22},"minecraft:custom":{"minecraft:time_since_rest":2055,"minecraft:crouch_one_cm":1276,"minecraft:sprint_one_cm":51313,"minecraft:play_time":45731,"minecraft:deaths":2,"minecraft:damage_taken":442,"minecraft:walk_one_cm":32076,"minecraft:sneak_time":2215,"minecraft:walk_under_water_one_cm":402,"minecraft:mob_kills":1,"minecraft:jump":360,"minecraft:damage_dealt":357,"minecraft:leave_game":1,"minecraft:walk_on_water_one_cm":85,"minecraft:time_since_death":2023,"minecraft:climb_one_cm":6550,"minecraft:total_world_time":45731,"minecraft:talked_to_villager":1,"minecraft:player_kills":1,"minecraft:fall_one_cm":7988,"minecraft:fly_one_cm":362244},"minecraft:picked_up":{"minecraft:sand":3}},"DataVersion":3700}