{"stats":{"minecraft:dropped":{"minecraft:moss_carpet":2,"minecraft:wheat_seeds":1,"minecraft:cobbled_deepslate":5,"minecraft:dark_oak_sapling":1,"minecraft:bowl":6,"minecraft:tuff":2,"minecraft:glow_berries":1,"minecraft:clay_ball":19,"minecraft:dirt":4,"minecraft:andesite":1,"minecraft:azalea":3,"minecraft:flowering_azalea":2,"minecraft:wooden_pickaxe":1},"minecraft:killed_by":{"minecraft:player":6,"minecraft:skeleton":1,"minecraft:zombie":3},"minecraft:crafted":{"minecraft:cooked_porkchop":1,"minecraft:crafting_table":3,"minecraft:spruce_planks":48,"minecraft:iron_helmet":1,"minecraft:wooden_pickaxe":1,"minecraft:bowl":4,"minecraft:spruce_door":3,"minecraft:furnace":1,"minecraft:mushroom_stew":4,"minecraft:stone_axe":1,"minecraft:air":0,"minecraft:iron_boots":1,"minecraft:charcoal":4,"minecraft:iron_chestplate":1,"minecraft:shield":2,"minecraft:stick":12,"minecraft:iron_ingot":44,"minecraft:iron_pickaxe":1,"minecraft:stone_pickaxe":1,"minecraft:iron_block":1,"minecraft:iron_leggings":1,"minecraft:dark_oak_planks":40},"minecraft:killed":{"minecraft:pig":1,"minecraft:skeleton":2,"minecraft:zombie":2,"minecraft:villager":1},"minecraft:mined":{"minecraft:flowering_azalea":1,"minecraft:dark_oak_leaves":13,"minecraft:deepslate_diamond_ore":6,"minecraft:dark_oak_log":14,"minecraft:spruce_door":1,"minecraft:crafting_table":5,"minecraft:torch":1,"minecraft:cave_vines_plant":11,"minecraft:short_grass":3,"minecraft:grass_block":3,"minecraft:brown_mushroom_block":11,"minecraft:deepslate_gold_ore":1,"minecraft:tall_grass":3,"minecraft:lapis_ore":18,"minecraft:spruce_leaves":7,"minecraft:moss_block":1,"minecraft:furnace":4,"minecraft:iron_ore":44,"minecraft:spruce_log":12,"minecraft:andesite":1,"minecraft:coal_ore":24,"minecraft:cave_vines":33,"minecraft:deepslate_iron_ore":1,"minecraft:sand":3,"minecraft:dirt":2,"minecraft:azalea":1,"minecraft:red_mushroom_block":24,"minecraft:stone":34,"minecraft:gold_ore":17,"minecraft:deepslate":5},"minecraft:used":{"minecraft:moss_carpet":1,"minecraft:spruce_door":2,"minecraft:flint_and_steel":144,"minecraft:stone_pickaxe":41,"minecraft:spruce_planks":1,"minecraft:shield":28,"minecraft:wooden_pickaxe":8,"minecraft:spruce_fence_gate":2,"minecraft:iron_chestplate":1,"minecraft:oak_door":1,"minecraft:pink_concrete":62,"minecraft:glow_berries":25,"minecraft:diamond_block":40,"minecraft:sand":3,"minecraft:white_carpet":1,"minecraft:crafting_table":8,"minecraft:mushroom_stew":3,"minecraft:chiseled_quartz_block":275,"minecraft:obsidian":22,"minecraft:birch_fence":25,"minecraft:stripped_jungle_log":70,"minecraft:smooth_sandstone":236,"minecraft:iron_pickaxe":145,"minecraft:iron_helmet":1,"minecraft:iron_boots":1,"minecraft:bedrock":44,"minecraft:stone_axe":95,"minecraft:cobblestone":10,"minecraft:end_crystal":28,"minecraft:porkchop":1,"minecraft:furnace":5,"minecraft:cooked_porkchop":1,"minecraft:podzol":1,"minecraft:stripped_oak_log":6,"minecraft:white_concrete":32,"minecraft:iron_leggings":1},"minecraft:custom":{"minecraft:interact_with_furnace":34,"minecraft:mob_kills":8,"minecraft:interact_with_crafting_table":19,"minecraft:time_since_death":17099,"minecraft:leave_game":1,"minecraft:climb_one_cm":17015,"minecraft:time_since_rest":17125,"minecraft:sprint_one_cm":289932,"minecraft:damage_taken":7172,"minecraft:walk_one_cm":147813,"minecraft:damage_blocked_by_shield":876,"minecraft:drop":16,"minecraft:damage_dealt":1867,"minecraft:talked_to_villager":1,"minecraft:swim_one_cm":55382,"minecraft:player_kills":4,"minecraft:fly_one_cm":798016,"minecraft:crouch_one_cm":1976,"minecraft:play_time":111731,"minecraft:deaths":20,"minecraft:sneak_time":2480,"minecraft:walk_under_water_one_cm":14772,"minecraft:boat_one_cm":294,"minecraft:jump":2539,"minecraft:walk_on_water_one_cm":38810,"minecraft:total_world_time":111731,"minecraft:fall_one_cm":111035},"minecraft:picked_up":{"minecraft:crafting_table":10,"minecraft:clay_ball":95,"minecraft:glow_ink_sac":5,"minecraft:andesite":5,"minecraft:brown_mushroom":5,"minecraft:wooden_pickaxe":5,"minecraft:red_mushroom":10,"minecraft:tuff":2,"minecraft:shield":3,"minecraft:gunpowder":2,"minecraft:string":9,"minecraft:lapis_lazuli":441,"minecraft:moss_carpet":7,"minecraft:dirt":24,"minecraft:bone":12,"minecraft:bow":2,"minecraft:wheat_seeds":1,"minecraft:cobbled_deepslate":9,"minecraft:raw_gold":78,"minecraft:spruce_planks":68,"minecraft:iron_ingot":51,"minecraft:stone_pickaxe":5,"minecraft:azalea":8,"minecraft:iron_pickaxe":5,"minecraft:flowering_azalea":6,"minecraft:furnace":8,"minecraft:dark_oak_sapling":1,"minecraft:stick":2,"minecraft:raw_iron":151,"minecraft:oak_door":1,"minecraft:bowl":3,"minecraft:porkchop":2,"minecraft:sand":3,"minecraft:spruce_log":12,"minecraft:dark_oak_log":14,"minecraft:spruce_door":3,"minecraft:arrow":18,"minecraft:rotten_flesh":10,"minecraft:diamond":8,"minecraft:stone_axe":5,"minecraft:glow_berries":29,"minecraft:coal":72,"minecraft:cobblestone":124}},"DataVersion":3700}