{"stats":{"minecraft:dropped":{"minecraft:wheat_seeds":1,"minecraft:dark_oak_sapling":1,"minecraft:glow_berries":1,"minecraft:dirt":4,"minecraft:flowering_azalea":2,"minecraft:moss_carpet":2,"minecraft:cobbled_deepslate":5,"minecraft:bowl":7,"minecraft:tuff":2,"minecraft:clay_ball":19,"minecraft:spruce_planks":1,"minecraft:andesite":1,"minecraft:azalea":3,"minecraft:wooden_pickaxe":1},"minecraft:killed_by":{"minecraft:player":6,"minecraft:skeleton":1,"minecraft:zombie":3},"minecraft:crafted":{"minecraft:furnace":1,"minecraft:mushroom_stew":4,"minecraft:diamond_helmet":1,"minecraft:iron_boots":1,"minecraft:iron_axe":2,"minecraft:stone_pickaxe":1,"minecraft:dark_oak_planks":40,"minecraft:cooked_porkchop":3,"minecraft:crafting_table":3,"minecraft:spruce_planks":48,"minecraft:wooden_pickaxe":1,"minecraft:iron_helmet":1,"minecraft:spruce_door":3,"minecraft:bowl":4,"minecraft:stone_axe":1,"minecraft:air":0,"minecraft:iron_chestplate":1,"minecraft:charcoal":4,"minecraft:shield":2,"minecraft:stick":12,"minecraft:iron_pickaxe":1,"minecraft:iron_ingot":44,"minecraft:iron_block":1,"minecraft:iron_leggings":1},"minecraft:killed":{"minecraft:skeleton":2,"minecraft:chicken":4,"minecraft:pig":9,"minecraft:zombie":2,"minecraft:villager":1,"minecraft:cow":4},"minecraft:mined":{"minecraft:dark_oak_leaves":13,"minecraft:deepslate_diamond_ore":6,"minecraft:dark_oak_log":14,"minecraft:cave_vines_plant":11,"minecraft:grass_block":3,"minecraft:brown_mushroom_block":11,"minecraft:spruce_leaves":8,"minecraft:moss_block":1,"minecraft:large_fern":1,"minecraft:furnace":6,"minecraft:iron_ore":44,"minecraft:andesite":1,"minecraft:cave_vines":33,"minecraft:deepslate_iron_ore":1,"minecraft:azalea":1,"minecraft:stone":37,"minecraft:flowering_azalea":1,"minecraft:spruce_door":1,"minecraft:crafting_table":7,"minecraft:torch":1,"minecraft:short_grass":3,"minecraft:tall_grass":3,"minecraft:lapis_ore":18,"minecraft:deepslate_gold_ore":1,"minecraft:sweet_berry_bush":21,"minecraft:spruce_log":12,"minecraft:birch_leaves":1,"minecraft:coal_ore":41,"minecraft:dirt":2,"minecraft:sand":3,"minecraft:red_mushroom_block":24,"minecraft:gold_ore":17,"minecraft:oak_leaves":7,"minecraft:deepslate":5,"minecraft:fern":2},"minecraft:used":{"minecraft:moss_carpet":1,"minecraft:flint_and_steel":144,"minecraft:spruce_planks":1,"minecraft:shield":28,"minecraft:iron_chestplate":1,"minecraft:oak_door":1,"minecraft:white_carpet":1,"minecraft:obsidian":22,"minecraft:iron_axe":43,"minecraft:smooth_sandstone":236,"minecraft:iron_helmet":1,"minecraft:iron_boots":1,"minecraft:bedrock":44,"minecraft:furnace":6,"minecraft:podzol":1,"minecraft:iron_leggings":1,"minecraft:spruce_door":2,"minecraft:stone_pickaxe":41,"minecraft:wooden_pickaxe":8,"minecraft:spruce_fence_gate":2,"minecraft:pink_concrete":62,"minecraft:glow_berries":25,"minecraft:diamond_block":40,"minecraft:sand":3,"minecraft:crafting_table":9,"minecraft:mushroom_stew":4,"minecraft:chiseled_quartz_block":275,"minecraft:birch_fence":25,"minecraft:stripped_jungle_log":70,"minecraft:iron_pickaxe":174,"minecraft:stone_axe":98,"minecraft:cobblestone":10,"minecraft:end_crystal":28,"minecraft:cooked_porkchop":2,"minecraft:porkchop":1,"minecraft:stripped_oak_log":6,"minecraft:white_concrete":32},"minecraft:custom":{"minecraft:mob_kills":24,"minecraft:interact_with_crafting_table":20,"minecraft:leave_game":1,"minecraft:time_since_death":29099,"minecraft:climb_one_cm":17015,"minecraft:sprint_one_cm":346295,"minecraft:walk_one_cm":177936,"minecraft:damage_blocked_by_shield":876,"minecraft:drop":18,"minecraft:talked_to_villager":1,"minecraft:play_time":123731,"minecraft:deaths":20,"minecraft:sneak_time":2515,"minecraft:walk_under_water_one_cm":15384,"minecraft:boat_one_cm":294,"minecraft:jump":2988,"minecraft:walk_on_water_one_cm":43937,"minecraft:total_world_time":123731,"minecraft:interact_with_furnace":38,"minecraft:time_since_rest":29125,"minecraft:damage_taken":7180,"minecraft:damage_dealt":3227,"minecraft:swim_one_cm":66950,"minecraft:fly_one_cm":894578,"minecraft:player_kills":4,"minecraft:crouch_one_cm":2066,"minecraft:fall_one_cm":119033},"minecraft:picked_up":{"minecraft:charcoal":1,"minecraft:crafting_table":12,"minecraft:chicken":4,"minecraft:clay_ball":95,"minecraft:brown_mushroom":5,"minecraft:wooden_pickaxe":5,"minecraft:shield":3,"minecraft:string":9,"minecraft:moss_carpet":7,"minecraft:cobbled_deepslate":9,"minecraft:spruce_planks":68,"minecraft:beef":10,"minecraft:azalea":8,"minecraft:iron_pickaxe":5,"minecraft:furnace":10,"minecraft:dark_oak_sapling":1,"minecraft:stick":4,"minecraft:raw_iron":159,"minecraft:oak_door":1,"minecraft:bowl":3,"minecraft:porkchop":18,"minecraft:arrow":18,"minecraft:rotten_flesh":10,"minecraft:glow_berries":29,"minecraft:cobblestone":127,"minecraft:feather":2,"minecraft:glow_ink_sac":5,"minecraft:andesite":5,"minecraft:leather":3,"minecraft:red_mushroom":10,"minecraft:tuff":2,"minecraft:gunpowder":2,"minecraft:dirt":24,"minecraft:lapis_lazuli":441,"minecraft:bone":12,"minecraft:bow":2,"minecraft:wheat_seeds":2,"minecraft:raw_gold":78,"minecraft:iron_ingot":53,"minecraft:stone_pickaxe":5,"minecraft:flowering_azalea":6,"minecraft:sweet_berries":49,"minecraft:sand":3,"minecraft:spruce_log":12,"minecraft:dark_oak_log":14,"minecraft:spruce_door":3,"minecraft:diamond":8,"minecraft:stone_axe":5,"minecraft:coal":89}},"DataVersion":3700}