{"stats":{"minecraft:killed_by":{"minecraft:player":6,"minecraft:skeleton":1,"minecraft:zombie":2},"minecraft:crafted":{"minecraft:cooked_porkchop":1,"minecraft:crafting_table":1,"minecraft:spruce_planks":48,"minecraft:wooden_pickaxe":1,"minecraft:furnace":1,"minecraft:stone_axe":1,"minecraft:air":0,"minecraft:shield":1,"minecraft:stick":8,"minecraft:iron_ingot":17,"minecraft:iron_pickaxe":1,"minecraft:stone_pickaxe":1},"minecraft:killed":{"minecraft:pig":1,"minecraft:skeleton":2,"minecraft:zombie":2,"minecraft:villager":1},"minecraft:used":{"minecraft:flint_and_steel":144,"minecraft:stone_pickaxe":41,"minecraft:spruce_planks":1,"minecraft:shield":23,"minecraft:wooden_pickaxe":8,"minecraft:spruce_fence_gate":2,"minecraft:oak_door":1,"minecraft:pink_concrete":62,"minecraft:glow_berries":18,"minecraft:diamond_block":40,"minecraft:sand":3,"minecraft:white_carpet":1,"minecraft:crafting_table":4,"minecraft:chiseled_quartz_block":275,"minecraft:obsidian":22,"minecraft:birch_fence":25,"minecraft:stripped_jungle_log":70,"minecraft:smooth_sandstone":236,"minecraft:iron_pickaxe":120,"minecraft:bedrock":44,"minecraft:stone_axe":24,"minecraft:cobblestone":4,"minecraft:end_crystal":28,"minecraft:porkchop":1,"minecraft:furnace":3,"minecraft:cooked_porkchop":1,"minecraft:podzol":1,"minecraft:stripped_oak_log":6,"minecraft:white_concrete":32},"minecraft:mined":{"minecraft:flowering_azalea":1,"minecraft:crafting_table":3,"minecraft:torch":1,"minecraft:cave_vines_plant":10,"minecraft:short_grass":3,"minecraft:grass_block":3,"minecraft:tall_grass":3,"minecraft:lapis_ore":15,"minecraft:spruce_leaves":7,"minecraft:moss_block":1,"minecraft:furnace":3,"minecraft:iron_ore":43,"minecraft:spruce_log":12,"minecraft:andesite":1,"minecraft:coal_ore":24,"minecraft:cave_vines":18,"minecraft:sand":3,"minecraft:dirt":2,"minecraft:azalea":1,"minecraft:stone":33,"minecraft:gold_ore":14,"minecraft:deepslate":4},"minecraft:custom":{"minecraft:interact_with_furnace":9,"minecraft:mob_kills":8,"minecraft:interact_with_crafting_table":9,"minecraft:time_since_death":2331,"minecraft:leave_game":1,"minecraft:climb_one_cm":17015,"minecraft:time_since_rest":2354,"minecraft:sprint_one_cm":237634,"minecraft:damage_taken":6885,"minecraft:walk_one_cm":101723,"minecraft:damage_blocked_by_shield":505,"minecraft:damage_dealt":1608,"minecraft:talked_to_villager":1,"minecraft:swim_one_cm":17814,"minecraft:player_kills":4,"minecraft:fly_one_cm":707296,"minecraft:crouch_one_cm":1728,"minecraft:play_time":87731,"minecraft:deaths":19,"minecraft:sneak_time":2382,"minecraft:walk_under_water_one_cm":5643,"minecraft:boat_one_cm":294,"minecraft:jump":1947,"minecraft:walk_on_water_one_cm":20110,"minecraft:total_world_time":87731,"minecraft:fall_one_cm":101162},"minecraft:picked_up":{"minecraft:crafting_table":7,"minecraft:clay_ball":76,"minecraft:andesite":4,"minecraft:wooden_pickaxe":4,"minecraft:shield":2,"minecraft:string":5,"minecraft:lapis_lazuli":331,"minecraft:moss_carpet":4,"minecraft:dirt":20,"minecraft:bone":9,"minecraft:bow":1,"minecraft:cobbled_deepslate":3,"minecraft:raw_gold":56,"minecraft:spruce_planks":67,"minecraft:iron_ingot":39,"minecraft:stone_pickaxe":4,"minecraft:azalea":5,"minecraft:iron_pickaxe":4,"minecraft:flowering_azalea":4,"minecraft:furnace":6,"minecraft:raw_iron":121,"minecraft:oak_door":1,"minecraft:porkchop":2,"minecraft:sand":3,"minecraft:spruce_log":12,"minecraft:arrow":12,"minecraft:rotten_flesh":10,"minecraft:stone_axe":4,"minecraft:glow_berries":19,"minecraft:coal":72,"minecraft:cobblestone":101}},"DataVersion":3700}