{"stats":{"minecraft:killed_by":{"minecraft:player":6,"minecraft:zombie":1},"minecraft:crafted":{"minecraft:cooked_porkchop":1,"minecraft:crafting_table":1,"minecraft:spruce_planks":24,"minecraft:wooden_pickaxe":1,"minecraft:furnace":1,"minecraft:stone_axe":1,"minecraft:air":0,"minecraft:stick":8,"minecraft:iron_ingot":12,"minecraft:iron_pickaxe":1,"minecraft:stone_pickaxe":1},"minecraft:killed":{"minecraft:pig":1,"minecraft:skeleton":1,"minecraft:zombie":2,"minecraft:villager":1},"minecraft:mined":{"minecraft:crafting_table":2,"minecraft:torch":1,"minecraft:cave_vines_plant":2,"minecraft:short_grass":2,"minecraft:grass_block":3,"minecraft:tall_grass":1,"minecraft:spruce_leaves":2,"minecraft:furnace":2,"minecraft:iron_ore":17,"minecraft:spruce_log":6,"minecraft:cave_vines":5,"minecraft:sand":3,"minecraft:dirt":2,"minecraft:azalea":1,"minecraft:stone":25},"minecraft:used":{"minecraft:flint_and_steel":144,"minecraft:stone_pickaxe":36,"minecraft:wooden_pickaxe":8,"minecraft:spruce_fence_gate":2,"minecraft:oak_door":1,"minecraft:pink_concrete":62,"minecraft:glow_berries":4,"minecraft:diamond_block":40,"minecraft:sand":3,"minecraft:white_carpet":1,"minecraft:crafting_table":3,"minecraft:chiseled_quartz_block":275,"minecraft:obsidian":22,"minecraft:birch_fence":25,"minecraft:stripped_jungle_log":70,"minecraft:smooth_sandstone":236,"minecraft:iron_pickaxe":14,"minecraft:bedrock":44,"minecraft:stone_axe":14,"minecraft:end_crystal":28,"minecraft:porkchop":1,"minecraft:furnace":3,"minecraft:cooked_porkchop":1,"minecraft:podzol":1,"minecraft:stripped_oak_log":6,"minecraft:white_concrete":32},"minecraft:custom":{"minecraft:interact_with_furnace":7,"minecraft:mob_kills":6,"minecraft:interact_with_crafting_table":7,"minecraft:time_since_death":2007,"minecraft:leave_game":1,"minecraft:climb_one_cm":16629,"minecraft:time_since_rest":2033,"minecraft:sprint_one_cm":146814,"minecraft:damage_taken":5102,"minecraft:walk_one_cm":74466,"minecraft:damage_dealt":1336,"minecraft:talked_to_villager":1,"minecraft:swim_one_cm":15031,"minecraft:player_kills":4,"minecraft:fly_one_cm":584920,"minecraft:crouch_one_cm":1728,"minecraft:play_time":69731,"minecraft:deaths":14,"minecraft:sneak_time":2382,"minecraft:walk_under_water_one_cm":1694,"minecraft:boat_one_cm":294,"minecraft:jump":1303,"minecraft:walk_on_water_one_cm":5053,"minecraft:total_world_time":69731,"minecraft:fall_one_cm":71192},"minecraft:picked_up":{"minecraft:crafting_table":3,"minecraft:wooden_pickaxe":1,"minecraft:dirt":8,"minecraft:bone":2,"minecraft:spruce_planks":15,"minecraft:stone_pickaxe":1,"minecraft:azalea":2,"minecraft:iron_pickaxe":1,"minecraft:furnace":2,"minecraft:raw_iron":17,"minecraft:oak_door":1,"minecraft:porkchop":2,"minecraft:sand":3,"minecraft:spruce_log":6,"minecraft:rotten_flesh":4,"minecraft:stone_axe":1,"minecraft:glow_berries":4,"minecraft:cobblestone":36}},"DataVersion":3700}