{"stats":{"minecraft:killed_by":{"minecraft:player":6},"minecraft:killed":{"minecraft:villager":1},"minecraft:mined":{"minecraft:spruce_log":3,"minecraft:torch":1,"minecraft:grass_block":1,"minecraft:sand":3,"minecraft:spruce_leaves":2},"minecraft:used":{"minecraft:birch_fence":25,"minecraft:stripped_jungle_log":70,"minecraft:flint_and_steel":144,"minecraft:smooth_sandstone":236,"minecraft:spruce_fence_gate":2,"minecraft:bedrock":44,"minecraft:oak_door":1,"minecraft:pink_concrete":62,"minecraft:diamond_block":40,"minecraft:sand":3,"minecraft:end_crystal":28,"minecraft:white_carpet":1,"minecraft:podzol":1,"minecraft:chiseled_quartz_block":275,"minecraft:stripped_oak_log":6,"minecraft:white_concrete":32,"minecraft:obsidian":22},"minecraft:custom":{"minecraft:time_since_rest":1094,"minecraft:sprint_one_cm":99350,"minecraft:damage_taken":4782,"minecraft:walk_one_cm":54454,"minecraft:mob_kills":1,"minecraft:damage_dealt":580,"minecraft:swim_one_cm":13518,"minecraft:talked_to_villager":1,"minecraft:fly_one_cm":489662,"minecraft:player_kills":4,"minecraft:crouch_one_cm":1728,"minecraft:play_time":57731,"minecraft:deaths":13,"minecraft:sneak_time":2381,"minecraft:walk_under_water_one_cm":1201,"minecraft:boat_one_cm":294,"minecraft:jump":864,"minecraft:leave_game":1,"minecraft:time_since_death":1069,"minecraft:walk_on_water_one_cm":2462,"minecraft:total_world_time":57731,"minecraft:climb_one_cm":16401,"minecraft:fall_one_cm":56461},"minecraft:picked_up":{"minecraft:oak_door":1,"minecraft:sand":3,"minecraft:spruce_log":3}},"DataVersion":3700}