{"stats":{"minecraft:custom":{"minecraft:time_since_rest":36428,"minecraft:crouch_one_cm":1190,"minecraft:sprint_one_cm":29811,"minecraft:play_time":41095,"minecraft:walk_one_cm":24395,"minecraft:damage_taken":281,"minecraft:deaths":1,"minecraft:sneak_time":2208,"minecraft:walk_under_water_one_cm":402,"minecraft:jump":196,"minecraft:leave_game":1,"minecraft:walk_on_water_one_cm":85,"minecraft:time_since_death":36396,"minecraft:total_world_time":41095,"minecraft:climb_one_cm":6410,"minecraft:fall_one_cm":3698,"minecraft:fly_one_cm":309633},"minecraft:killed_by":{"minecraft:player":1},"minecraft:mined":{"minecraft:sand":3,"minecraft:spruce_leaves":2},"minecraft:picked_up":{"minecraft:sand":3},"minecraft:used":{"minecraft:birch_fence":25,"minecraft:bedrock":44,"minecraft:pink_concrete":62,"minecraft:diamond_block":40,"minecraft:sand":3,"minecraft:white_carpet":1,"minecraft:end_crystal":28,"minecraft:stripped_jungle_log":70,"minecraft:flint_and_steel":144,"minecraft:podzol":1,"minecraft:smooth_sandstone":232,"minecraft:chiseled_quartz_block":275,"minecraft:white_concrete":32,"minecraft:stripped_oak_log":6,"minecraft:obsidian":22,"minecraft:spruce_fence_gate":2}},"DataVersion":3700}