{"stats":{"minecraft:custom":{"minecraft:time_since_rest":41855,"minecraft:sprint_one_cm":24989,"minecraft:damage_taken":115,"minecraft:walk_one_cm":15224,"minecraft:mob_kills":4,"minecraft:drop":3,"minecraft:damage_dealt":893,"minecraft:fly_one_cm":561806,"minecraft:crouch_one_cm":1102,"minecraft:play_time":41855,"minecraft:sneak_time":2745,"minecraft:jump":167,"minecraft:leave_game":1,"minecraft:time_since_death":41855,"minecraft:total_world_time":41855,"minecraft:climb_one_cm":1,"minecraft:fall_one_cm":3350},"minecraft:dropped":{"minecraft:string":3},"minecraft:mined":{"minecraft:coarse_dirt":1,"minecraft:kelp":2},"minecraft:picked_up":{"minecraft:stick":2,"minecraft:coarse_dirt":1,"minecraft:quartz_pillar":1,"minecraft:spider_eye":1,"minecraft:string":3,"minecraft:podzol":1,"minecraft:arrow":2,"minecraft:bone":2,"minecraft:bow":1,"minecraft:ender_pearl":1},"minecraft:used":{"minecraft:glass":23,"minecraft:netherite_sword":9,"minecraft:black_wool":1,"minecraft:quartz_pillar":2,"minecraft:flint_and_steel":68,"minecraft:smooth_sandstone":302,"minecraft:quartz_block":78,"minecraft:black_carpet":16,"minecraft:spruce_planks":53,"minecraft:bedrock":18,"minecraft:bow":1,"minecraft:black_stained_glass":13,"minecraft:white_carpet":31,"minecraft:chiseled_quartz_block":64,"minecraft:coarse_dirt":1,"minecraft:obsidian":27},"minecraft:killed":{"minecraft:spider":1,"minecraft:enderman":1,"minecraft:phantom":1}},"DataVersion":3700}