{"stats":{"minecraft:dropped":{"minecraft:iron_sword":1,"minecraft:stone_axe":1,"minecraft:birch_sapling":2,"minecraft:rotten_flesh":3,"minecraft:stick":2,"minecraft:iron_chestplate":1,"minecraft:iron_leggings":1,"minecraft:bamboo":40,"minecraft:iron_axe":1,"minecraft:string":3,"minecraft:bone":1,"minecraft:dandelion":1},"minecraft:killed_by":{"minecraft:player":3,"minecraft:skeleton":1},"minecraft:crafted":{"minecraft:cooked_porkchop":20,"minecraft:crafting_table":2,"minecraft:spruce_planks":12,"minecraft:birch_boat":1,"minecraft:iron_helmet":1,"minecraft:wooden_pickaxe":2,"minecraft:furnace":1,"minecraft:birch_planks":40,"minecraft:stone_axe":3,"minecraft:air":0,"minecraft:iron_boots":1,"minecraft:iron_chestplate":1,"minecraft:shield":1,"minecraft:stick":16,"minecraft:stone_pickaxe":2,"minecraft:stone_sword":2,"minecraft:iron_leggings":1},"minecraft:killed":{"minecraft:pig":17,"minecraft:spider":2,"minecraft:phantom":1,"minecraft:skeleton":1,"minecraft:horse":10,"minecraft:sheep":6,"minecraft:zombie":6,"minecraft:enderman":1,"minecraft:cow":24},"minecraft:mined":{"minecraft:dandelion":1,"minecraft:crafting_table":4,"minecraft:short_grass":15,"minecraft:grass_block":7,"minecraft:tall_grass":5,"minecraft:sugar_cane":26,"minecraft:kelp":2,"minecraft:coarse_dirt":1,"minecraft:furnace":1,"minecraft:birch_log":135,"minecraft:iron_ore":2,"minecraft:sweet_berry_bush":4,"minecraft:spruce_log":3,"minecraft:birch_leaves":1,"minecraft:coal_ore":70,"minecraft:gravel":1,"minecraft:dirt":8,"minecraft:bamboo":6,"minecraft:stone":46,"minecraft:oak_leaves":2,"minecraft:fern":1},"minecraft:used":{"minecraft:netherite_sword":17,"minecraft:stone_sword":108,"minecraft:iron_shovel":9,"minecraft:flint_and_steel":68,"minecraft:stone_pickaxe":109,"minecraft:black_carpet":16,"minecraft:birch_boat":1,"minecraft:spruce_planks":53,"minecraft:wooden_pickaxe":13,"minecraft:iron_sword":122,"minecraft:dirt":15,"minecraft:white_carpet":31,"minecraft:crafting_table":6,"minecraft:chiseled_quartz_block":64,"minecraft:obsidian":27,"minecraft:spruce_boat":11,"minecraft:glass":23,"minecraft:black_wool":1,"minecraft:quartz_pillar":2,"minecraft:iron_pickaxe":8,"minecraft:smooth_sandstone":302,"minecraft:quartz_block":78,"minecraft:diamond_sword":3,"minecraft:bedrock":18,"minecraft:stone_axe":129,"minecraft:cobblestone":8,"minecraft:bow":1,"minecraft:black_stained_glass":13,"minecraft:sweet_berries":8,"minecraft:furnace":1,"minecraft:cooked_porkchop":13,"minecraft:birch_log":20,"minecraft:coarse_dirt":1},"minecraft:custom":{"minecraft:interact_with_furnace":7,"minecraft:mob_kills":69,"minecraft:interact_with_crafting_table":13,"minecraft:leave_game":1,"minecraft:time_since_death":73256,"minecraft:climb_one_cm":7305,"minecraft:time_since_rest":73280,"minecraft:sprint_one_cm":416833,"minecraft:damage_taken":2286,"minecraft:walk_one_cm":125195,"minecraft:drop":14,"minecraft:damage_dealt":10591,"minecraft:swim_one_cm":30758,"minecraft:fly_one_cm":1253007,"minecraft:player_kills":7,"minecraft:open_chest":6,"minecraft:crouch_one_cm":9640,"minecraft:play_time":129545,"minecraft:deaths":5,"minecraft:sneak_time":6930,"minecraft:walk_under_water_one_cm":16869,"minecraft:boat_one_cm":295166,"minecraft:jump":2494,"minecraft:walk_on_water_one_cm":34562,"minecraft:total_world_time":129545,"minecraft:fall_one_cm":59319},"minecraft:picked_up":{"minecraft:birch_log":138,"minecraft:coarse_dirt":1,"minecraft:crafting_table":4,"minecraft:chicken":6,"minecraft:leather":24,"minecraft:diamond_sword":1,"minecraft:shield":1,"minecraft:string":4,"minecraft:dirt":19,"minecraft:iron_axe":1,"minecraft:podzol":1,"minecraft:iron_shovel":1,"minecraft:bone":3,"minecraft:bow":1,"minecraft:diamond_leggings":1,"minecraft:cobbled_deepslate":19,"minecraft:raw_gold":11,"minecraft:bucket":1,"minecraft:spruce_planks":64,"minecraft:iron_ingot":8,"minecraft:beef":45,"minecraft:iron_pickaxe":1,"minecraft:bamboo":40,"minecraft:sugar_cane":64,"minecraft:birch_sapling":2,"minecraft:furnace":2,"minecraft:stick":5,"minecraft:raw_iron":7,"minecraft:cooked_porkchop":1,"minecraft:sweet_berries":39,"minecraft:lava_bucket":1,"minecraft:torch":1,"minecraft:dandelion":1,"minecraft:gravel":24,"minecraft:porkchop":46,"minecraft:quartz_pillar":1,"minecraft:spruce_log":3,"minecraft:spider_eye":2,"minecraft:arrow":2,"minecraft:diamond_chestplate":1,"minecraft:rotten_flesh":6,"minecraft:diamond":11,"minecraft:spruce_boat":11,"minecraft:diamond_axe":1,"minecraft:diamond_pickaxe":1,"minecraft:obsidian":12,"minecraft:coal":80,"minecraft:mutton":13,"minecraft:white_wool":11,"minecraft:cobblestone":46,"minecraft:ender_pearl":1}},"DataVersion":3700}