{"stats":{"minecraft:dropped":{"minecraft:iron_sword":1,"minecraft:stick":2,"minecraft:iron_leggings":1,"minecraft:iron_axe":1,"minecraft:iron_pickaxe":2,"minecraft:string":3,"minecraft:dandelion":1,"minecraft:bone":1,"minecraft:stone_axe":1,"minecraft:birch_sapling":2,"minecraft:rotten_flesh":3,"minecraft:iron_chestplate":1,"minecraft:bamboo":40},"minecraft:killed_by":{"minecraft:player":3,"minecraft:skeleton":1},"minecraft:crafted":{"minecraft:oak_planks":92,"minecraft:birch_boat":1,"minecraft:furnace":2,"minecraft:oak_trapdoor":8,"minecraft:iron_boots":1,"minecraft:stone_pickaxe":2,"minecraft:chest":2,"minecraft:birch_door":33,"minecraft:cooked_beef":37,"minecraft:cooked_porkchop":46,"minecraft:crafting_table":5,"minecraft:spruce_planks":12,"minecraft:wooden_pickaxe":2,"minecraft:iron_helmet":1,"minecraft:birch_planks":472,"minecraft:stone_axe":3,"minecraft:air":0,"minecraft:iron_chestplate":1,"minecraft:shield":1,"minecraft:stick":28,"minecraft:iron_ingot":7,"minecraft:stone_sword":2,"minecraft:iron_shovel":2,"minecraft:iron_leggings":1,"minecraft:torch":32},"minecraft:killed":{"minecraft:spider":2,"minecraft:phantom":1,"minecraft:skeleton":1,"minecraft:horse":10,"minecraft:pig":18,"minecraft:sheep":6,"minecraft:zombie":6,"minecraft:enderman":1,"minecraft:cow":28},"minecraft:mined":{"minecraft:white_bed":9,"minecraft:brewing_stand":2,"minecraft:grass_block":22,"minecraft:composter":1,"minecraft:kelp":2,"minecraft:oak_trapdoor":3,"minecraft:furnace":1,"minecraft:iron_ore":2,"minecraft:cobbled_deepslate":3,"minecraft:oak_stairs":2,"minecraft:dirt_path":17,"minecraft:stripped_oak_log":4,"minecraft:bamboo":6,"minecraft:stone":46,"minecraft:oak_slab":1,"minecraft:glass_pane":2,"minecraft:smoker":1,"minecraft:dandelion":1,"minecraft:oak_fence":1,"minecraft:crafting_table":5,"minecraft:short_grass":33,"minecraft:blast_furnace":2,"minecraft:tall_grass":6,"minecraft:sugar_cane":26,"minecraft:oak_planks":4,"minecraft:wall_torch":1,"minecraft:white_terracotta":11,"minecraft:birch_planks":18,"minecraft:coarse_dirt":1,"minecraft:birch_log":135,"minecraft:sweet_berry_bush":4,"minecraft:spruce_log":3,"minecraft:birch_leaves":1,"minecraft:birch_door":1,"minecraft:yellow_bed":4,"minecraft:oak_log":23,"minecraft:coal_ore":70,"minecraft:gravel":1,"minecraft:dirt":69,"minecraft:oak_leaves":2,"minecraft:fern":1},"minecraft:used":{"minecraft:oak_trapdoor":10,"minecraft:netherite_sword":17,"minecraft:stone_sword":108,"minecraft:iron_shovel":102,"minecraft:flint_and_steel":68,"minecraft:black_carpet":16,"minecraft:chest":1,"minecraft:spruce_planks":53,"minecraft:iron_sword":122,"minecraft:torch":10,"minecraft:dirt":45,"minecraft:white_carpet":31,"minecraft:obsidian":27,"minecraft:birch_door":12,"minecraft:spruce_boat":11,"minecraft:glass":23,"minecraft:quartz_pillar":2,"minecraft:smooth_sandstone":302,"minecraft:quartz_block":78,"minecraft:bedrock":18,"minecraft:bow":1,"minecraft:black_stained_glass":13,"minecraft:sweet_berries":8,"minecraft:furnace":4,"minecraft:cobbled_deepslate":14,"minecraft:birch_planks":354,"minecraft:stone_pickaxe":109,"minecraft:oak_planks":60,"minecraft:wooden_pickaxe":13,"minecraft:birch_boat":1,"minecraft:diamond_axe":60,"minecraft:crafting_table":10,"minecraft:white_bed":9,"minecraft:chiseled_quartz_block":64,"minecraft:black_wool":1,"minecraft:iron_pickaxe":28,"minecraft:stone_axe":129,"minecraft:diamond_sword":22,"minecraft:cobblestone":8,"minecraft:cooked_porkchop":20,"minecraft:birch_log":20,"minecraft:yellow_bed":4,"minecraft:coarse_dirt":1},"minecraft:custom":{"minecraft:mob_kills":74,"minecraft:interact_with_crafting_table":24,"minecraft:bell_ring":96,"minecraft:leave_game":3,"minecraft:time_since_death":113950,"minecraft:climb_one_cm":7660,"minecraft:sprint_one_cm":608267,"minecraft:walk_one_cm":236933,"minecraft:drop":16,"minecraft:talked_to_villager":62,"minecraft:play_time":170239,"minecraft:deaths":5,"minecraft:sneak_time":8337,"minecraft:walk_under_water_one_cm":16869,"minecraft:boat_one_cm":295166,"minecraft:jump":3263,"minecraft:walk_on_water_one_cm":34967,"minecraft:total_world_time":170239,"minecraft:interact_with_furnace":15,"minecraft:time_since_rest":113974,"minecraft:damage_taken":2377,"minecraft:damage_dealt":11091,"minecraft:swim_one_cm":30758,"minecraft:fly_one_cm":1384610,"minecraft:player_kills":7,"minecraft:open_chest":18,"minecraft:crouch_one_cm":15769,"minecraft:interact_with_smoker":1,"minecraft:fall_one_cm":79265},"minecraft:picked_up":{"minecraft:birch_door":1,"minecraft:crafting_table":5,"minecraft:coarse_dirt":1,"minecraft:chicken":6,"minecraft:diamond_sword":1,"minecraft:oak_stairs":2,"minecraft:brewing_stand":1,"minecraft:shield":1,"minecraft:oak_trapdoor":3,"minecraft:string":4,"minecraft:iron_axe":1,"minecraft:iron_shovel":1,"minecraft:diamond_leggings":1,"minecraft:cobbled_deepslate":22,"minecraft:bucket":1,"minecraft:spruce_planks":64,"minecraft:beef":54,"minecraft:iron_pickaxe":3,"minecraft:sugar_cane":64,"minecraft:birch_sapling":2,"minecraft:furnace":2,"minecraft:stick":5,"minecraft:raw_iron":7,"minecraft:composter":1,"minecraft:torch":2,"minecraft:porkchop":48,"minecraft:quartz_pillar":1,"minecraft:diamond_chestplate":1,"minecraft:arrow":2,"minecraft:rotten_flesh":8,"minecraft:white_terracotta":10,"minecraft:mutton":13,"minecraft:obsidian":12,"minecraft:white_wool":11,"minecraft:cobblestone":46,"minecraft:stripped_oak_log":4,"minecraft:birch_log":138,"minecraft:leather":29,"minecraft:smoker":1,"minecraft:birch_planks":18,"minecraft:oak_log":23,"minecraft:yellow_bed":4,"minecraft:dirt":112,"minecraft:podzol":1,"minecraft:bone":3,"minecraft:bow":1,"minecraft:wheat_seeds":3,"minecraft:raw_gold":11,"minecraft:iron_ingot":8,"minecraft:bamboo":40,"minecraft:oak_planks":4,"minecraft:oak_slab":1,"minecraft:cooked_porkchop":1,"minecraft:sweet_berries":39,"minecraft:dandelion":1,"minecraft:lava_bucket":1,"minecraft:gravel":24,"minecraft:blast_furnace":2,"minecraft:spruce_log":3,"minecraft:white_bed":9,"minecraft:spider_eye":2,"minecraft:diamond":11,"minecraft:spruce_boat":11,"minecraft:diamond_axe":1,"minecraft:coal":80,"minecraft:diamond_pickaxe":1,"minecraft:ender_pearl":1}},"DataVersion":3700}