{"stats":{"minecraft:dropped":{"minecraft:stone_axe":1,"minecraft:string":3},"minecraft:killed_by":{"minecraft:player":3,"minecraft:skeleton":1},"minecraft:crafted":{"minecraft:cooked_porkchop":20,"minecraft:crafting_table":2,"minecraft:spruce_planks":12,"minecraft:iron_helmet":1,"minecraft:wooden_pickaxe":2,"minecraft:furnace":1,"minecraft:birch_planks":40,"minecraft:stone_axe":3,"minecraft:air":0,"minecraft:iron_boots":1,"minecraft:iron_chestplate":1,"minecraft:shield":1,"minecraft:stick":16,"minecraft:stone_pickaxe":2,"minecraft:stone_sword":2,"minecraft:iron_leggings":1},"minecraft:killed":{"minecraft:pig":17,"minecraft:spider":2,"minecraft:phantom":1,"minecraft:horse":5,"minecraft:sheep":6,"minecraft:zombie":4,"minecraft:enderman":1,"minecraft:cow":24},"minecraft:mined":{"minecraft:dandelion":1,"minecraft:crafting_table":4,"minecraft:short_grass":12,"minecraft:grass_block":6,"minecraft:tall_grass":5,"minecraft:sugar_cane":21,"minecraft:kelp":2,"minecraft:coarse_dirt":1,"minecraft:furnace":1,"minecraft:birch_log":135,"minecraft:iron_ore":2,"minecraft:sweet_berry_bush":4,"minecraft:spruce_log":3,"minecraft:birch_leaves":1,"minecraft:coal_ore":70,"minecraft:gravel":1,"minecraft:dirt":8,"minecraft:stone":46,"minecraft:oak_leaves":1,"minecraft:fern":1},"minecraft:used":{"minecraft:netherite_sword":17,"minecraft:stone_sword":108,"minecraft:iron_shovel":9,"minecraft:flint_and_steel":68,"minecraft:stone_pickaxe":109,"minecraft:black_carpet":16,"minecraft:spruce_planks":53,"minecraft:wooden_pickaxe":13,"minecraft:iron_sword":74,"minecraft:dirt":15,"minecraft:white_carpet":31,"minecraft:crafting_table":5,"minecraft:chiseled_quartz_block":64,"minecraft:obsidian":27,"minecraft:spruce_boat":9,"minecraft:glass":23,"minecraft:black_wool":1,"minecraft:quartz_pillar":2,"minecraft:iron_pickaxe":8,"minecraft:smooth_sandstone":302,"minecraft:quartz_block":78,"minecraft:bedrock":18,"minecraft:stone_axe":129,"minecraft:cobblestone":8,"minecraft:bow":1,"minecraft:black_stained_glass":13,"minecraft:sweet_berries":8,"minecraft:furnace":1,"minecraft:cooked_porkchop":7,"minecraft:birch_log":11,"minecraft:coarse_dirt":1},"minecraft:custom":{"minecraft:interact_with_furnace":7,"minecraft:mob_kills":61,"minecraft:interact_with_crafting_table":12,"minecraft:leave_game":1,"minecraft:time_since_death":49256,"minecraft:climb_one_cm":6445,"minecraft:time_since_rest":49280,"minecraft:sprint_one_cm":274257,"minecraft:damage_taken":2092,"minecraft:walk_one_cm":109999,"minecraft:drop":4,"minecraft:damage_dealt":8819,"minecraft:swim_one_cm":20915,"minecraft:fly_one_cm":1020578,"minecraft:player_kills":6,"minecraft:open_chest":3,"minecraft:crouch_one_cm":8243,"minecraft:play_time":105545,"minecraft:deaths":5,"minecraft:sneak_time":6607,"minecraft:walk_under_water_one_cm":13043,"minecraft:boat_one_cm":130846,"minecraft:jump":1584,"minecraft:walk_on_water_one_cm":19902,"minecraft:total_world_time":105545,"minecraft:fall_one_cm":37003},"minecraft:picked_up":{"minecraft:birch_log":138,"minecraft:coarse_dirt":1,"minecraft:crafting_table":4,"minecraft:leather":24,"minecraft:string":4,"minecraft:dirt":19,"minecraft:podzol":1,"minecraft:iron_shovel":1,"minecraft:bone":2,"minecraft:bow":1,"minecraft:beef":44,"minecraft:sugar_cane":52,"minecraft:birch_sapling":2,"minecraft:furnace":1,"minecraft:stick":5,"minecraft:raw_iron":2,"minecraft:sweet_berries":8,"minecraft:torch":1,"minecraft:dandelion":1,"minecraft:gravel":1,"minecraft:porkchop":38,"minecraft:quartz_pillar":1,"minecraft:spruce_log":3,"minecraft:spider_eye":2,"minecraft:arrow":2,"minecraft:rotten_flesh":4,"minecraft:spruce_boat":10,"minecraft:coal":70,"minecraft:mutton":7,"minecraft:white_wool":6,"minecraft:cobblestone":46,"minecraft:ender_pearl":1}},"DataVersion":3700}