{"stats":{"minecraft:dropped":{"minecraft:iron_sword":1,"minecraft:stick":2,"minecraft:iron_leggings":1,"minecraft:iron_axe":1,"minecraft:string":3,"minecraft:dandelion":1,"minecraft:bone":1,"minecraft:stone_axe":1,"minecraft:birch_sapling":2,"minecraft:rotten_flesh":3,"minecraft:iron_chestplate":1,"minecraft:bamboo":40},"minecraft:killed_by":{"minecraft:player":3,"minecraft:skeleton":1},"minecraft:crafted":{"minecraft:birch_boat":1,"minecraft:furnace":2,"minecraft:iron_boots":1,"minecraft:stone_pickaxe":2,"minecraft:chest":2,"minecraft:birch_door":3,"minecraft:cooked_beef":37,"minecraft:cooked_porkchop":46,"minecraft:crafting_table":4,"minecraft:spruce_planks":12,"minecraft:wooden_pickaxe":2,"minecraft:iron_helmet":1,"minecraft:birch_planks":472,"minecraft:stone_axe":3,"minecraft:air":0,"minecraft:iron_chestplate":1,"minecraft:shield":1,"minecraft:stick":28,"minecraft:iron_ingot":7,"minecraft:stone_sword":2,"minecraft:iron_shovel":2,"minecraft:iron_leggings":1,"minecraft:torch":32},"minecraft:killed":{"minecraft:spider":2,"minecraft:phantom":1,"minecraft:horse":10,"minecraft:skeleton":1,"minecraft:pig":17,"minecraft:sheep":6,"minecraft:zombie":6,"minecraft:enderman":1,"minecraft:cow":24},"minecraft:mined":{"minecraft:white_bed":4,"minecraft:brewing_stand":1,"minecraft:grass_block":18,"minecraft:kelp":2,"minecraft:furnace":1,"minecraft:iron_ore":2,"minecraft:dirt_path":17,"minecraft:bamboo":6,"minecraft:stone":46,"minecraft:smoker":1,"minecraft:dandelion":1,"minecraft:crafting_table":5,"minecraft:short_grass":18,"minecraft:tall_grass":5,"minecraft:sugar_cane":26,"minecraft:wall_torch":1,"minecraft:birch_planks":13,"minecraft:coarse_dirt":1,"minecraft:birch_log":135,"minecraft:sweet_berry_bush":4,"minecraft:spruce_log":3,"minecraft:birch_leaves":1,"minecraft:yellow_bed":2,"minecraft:coal_ore":70,"minecraft:gravel":1,"minecraft:dirt":10,"minecraft:oak_leaves":2,"minecraft:fern":1},"minecraft:used":{"minecraft:netherite_sword":17,"minecraft:stone_sword":108,"minecraft:iron_shovel":41,"minecraft:flint_and_steel":68,"minecraft:black_carpet":16,"minecraft:spruce_planks":53,"minecraft:chest":1,"minecraft:iron_sword":122,"minecraft:torch":9,"minecraft:dirt":42,"minecraft:white_carpet":31,"minecraft:obsidian":27,"minecraft:birch_door":2,"minecraft:spruce_boat":11,"minecraft:glass":23,"minecraft:quartz_pillar":2,"minecraft:smooth_sandstone":302,"minecraft:quartz_block":78,"minecraft:bedrock":18,"minecraft:bow":1,"minecraft:black_stained_glass":13,"minecraft:sweet_berries":8,"minecraft:furnace":4,"minecraft:birch_planks":307,"minecraft:stone_pickaxe":109,"minecraft:wooden_pickaxe":13,"minecraft:birch_boat":1,"minecraft:diamond_axe":15,"minecraft:crafting_table":8,"minecraft:chiseled_quartz_block":64,"minecraft:black_wool":1,"minecraft:iron_pickaxe":10,"minecraft:stone_axe":129,"minecraft:diamond_sword":9,"minecraft:cobblestone":8,"minecraft:cooked_porkchop":14,"minecraft:birch_log":20,"minecraft:coarse_dirt":1},"minecraft:custom":{"minecraft:mob_kills":69,"minecraft:interact_with_crafting_table":20,"minecraft:leave_game":1,"minecraft:time_since_death":85256,"minecraft:climb_one_cm":7660,"minecraft:sprint_one_cm":454372,"minecraft:walk_one_cm":143147,"minecraft:drop":14,"minecraft:talked_to_villager":1,"minecraft:play_time":141545,"minecraft:deaths":5,"minecraft:sneak_time":7972,"minecraft:walk_under_water_one_cm":16869,"minecraft:boat_one_cm":295166,"minecraft:jump":2691,"minecraft:walk_on_water_one_cm":34562,"minecraft:total_world_time":141545,"minecraft:interact_with_furnace":15,"minecraft:time_since_rest":85280,"minecraft:damage_taken":2286,"minecraft:damage_dealt":10591,"minecraft:swim_one_cm":30758,"minecraft:fly_one_cm":1275983,"minecraft:player_kills":7,"minecraft:open_chest":17,"minecraft:crouch_one_cm":14320,"minecraft:interact_with_smoker":1,"minecraft:fall_one_cm":60960},"minecraft:picked_up":{"minecraft:crafting_table":5,"minecraft:coarse_dirt":1,"minecraft:chicken":6,"minecraft:diamond_sword":1,"minecraft:brewing_stand":1,"minecraft:shield":1,"minecraft:string":4,"minecraft:iron_axe":1,"minecraft:iron_shovel":1,"minecraft:diamond_leggings":1,"minecraft:cobbled_deepslate":19,"minecraft:bucket":1,"minecraft:spruce_planks":64,"minecraft:beef":45,"minecraft:iron_pickaxe":1,"minecraft:sugar_cane":64,"minecraft:birch_sapling":2,"minecraft:furnace":2,"minecraft:raw_iron":7,"minecraft:stick":5,"minecraft:torch":2,"minecraft:porkchop":46,"minecraft:quartz_pillar":1,"minecraft:rotten_flesh":6,"minecraft:arrow":2,"minecraft:diamond_chestplate":1,"minecraft:mutton":13,"minecraft:obsidian":12,"minecraft:white_wool":11,"minecraft:cobblestone":46,"minecraft:birch_log":138,"minecraft:leather":24,"minecraft:smoker":1,"minecraft:birch_planks":13,"minecraft:yellow_bed":2,"minecraft:dirt":49,"minecraft:podzol":1,"minecraft:bone":3,"minecraft:bow":1,"minecraft:wheat_seeds":2,"minecraft:raw_gold":11,"minecraft:iron_ingot":8,"minecraft:bamboo":40,"minecraft:cooked_porkchop":1,"minecraft:sweet_berries":39,"minecraft:dandelion":1,"minecraft:gravel":24,"minecraft:lava_bucket":1,"minecraft:white_bed":4,"minecraft:spruce_log":3,"minecraft:spider_eye":2,"minecraft:diamond":11,"minecraft:spruce_boat":11,"minecraft:diamond_axe":1,"minecraft:coal":80,"minecraft:ender_pearl":1,"minecraft:diamond_pickaxe":1}},"DataVersion":3700}