{"stats":{"minecraft:dropped":{"minecraft:string":3},"minecraft:killed_by":{"minecraft:player":3,"minecraft:skeleton":1},"minecraft:crafted":{"minecraft:crafting_table":2,"minecraft:spruce_planks":12,"minecraft:wooden_pickaxe":2,"minecraft:birch_planks":40,"minecraft:stone_axe":2,"minecraft:stick":16,"minecraft:stone_pickaxe":2,"minecraft:stone_sword":2},"minecraft:killed":{"minecraft:spider":2,"minecraft:phantom":1,"minecraft:sheep":3,"minecraft:zombie":2,"minecraft:enderman":1,"minecraft:cow":1},"minecraft:mined":{"minecraft:crafting_table":2,"minecraft:grass_block":4,"minecraft:kelp":2,"minecraft:coarse_dirt":1,"minecraft:birch_log":39,"minecraft:iron_ore":2,"minecraft:sweet_berry_bush":4,"minecraft:spruce_log":3,"minecraft:birch_leaves":1,"minecraft:coal_ore":29,"minecraft:dirt":5,"minecraft:stone":30,"minecraft:oak_leaves":1,"minecraft:fern":1},"minecraft:used":{"minecraft:netherite_sword":17,"minecraft:stone_sword":25,"minecraft:iron_shovel":9,"minecraft:flint_and_steel":68,"minecraft:stone_pickaxe":55,"minecraft:black_carpet":16,"minecraft:spruce_planks":53,"minecraft:wooden_pickaxe":13,"minecraft:dirt":8,"minecraft:white_carpet":31,"minecraft:crafting_table":2,"minecraft:chiseled_quartz_block":64,"minecraft:obsidian":27,"minecraft:glass":23,"minecraft:black_wool":1,"minecraft:quartz_pillar":2,"minecraft:smooth_sandstone":302,"minecraft:quartz_block":78,"minecraft:bedrock":18,"minecraft:stone_axe":31,"minecraft:bow":1,"minecraft:black_stained_glass":13,"minecraft:sweet_berries":8,"minecraft:coarse_dirt":1},"minecraft:custom":{"minecraft:mob_kills":11,"minecraft:interact_with_crafting_table":6,"minecraft:leave_game":1,"minecraft:time_since_death":7256,"minecraft:climb_one_cm":6445,"minecraft:time_since_rest":7280,"minecraft:sprint_one_cm":103688,"minecraft:damage_taken":1877,"minecraft:walk_one_cm":55204,"minecraft:drop":3,"minecraft:damage_dealt":2999,"minecraft:swim_one_cm":5163,"minecraft:fly_one_cm":653891,"minecraft:player_kills":6,"minecraft:crouch_one_cm":3426,"minecraft:play_time":63545,"minecraft:deaths":5,"minecraft:sneak_time":4060,"minecraft:walk_under_water_one_cm":300,"minecraft:boat_one_cm":39629,"minecraft:jump":576,"minecraft:walk_on_water_one_cm":3702,"minecraft:total_world_time":63545,"minecraft:fall_one_cm":21714},"minecraft:picked_up":{"minecraft:birch_log":42,"minecraft:coarse_dirt":1,"minecraft:crafting_table":2,"minecraft:string":4,"minecraft:dirt":14,"minecraft:podzol":1,"minecraft:iron_shovel":1,"minecraft:bone":2,"minecraft:bow":1,"minecraft:stick":2,"minecraft:raw_iron":2,"minecraft:sweet_berries":8,"minecraft:torch":1,"minecraft:quartz_pillar":1,"minecraft:spruce_log":3,"minecraft:spider_eye":2,"minecraft:arrow":2,"minecraft:rotten_flesh":3,"minecraft:spruce_boat":1,"minecraft:coal":29,"minecraft:mutton":3,"minecraft:white_wool":3,"minecraft:cobblestone":30,"minecraft:ender_pearl":1}},"DataVersion":3700}