{"stats":{"minecraft:dropped":{"minecraft:string":3},"minecraft:killed_by":{"minecraft:player":3},"minecraft:killed":{"minecraft:zombie":1,"minecraft:spider":1,"minecraft:enderman":1,"minecraft:phantom":1},"minecraft:mined":{"minecraft:coarse_dirt":1,"minecraft:kelp":2,"minecraft:fern":1},"minecraft:used":{"minecraft:glass":23,"minecraft:netherite_sword":17,"minecraft:black_wool":1,"minecraft:iron_shovel":3,"minecraft:quartz_pillar":2,"minecraft:flint_and_steel":68,"minecraft:smooth_sandstone":302,"minecraft:quartz_block":78,"minecraft:black_carpet":16,"minecraft:spruce_planks":53,"minecraft:bedrock":18,"minecraft:bow":1,"minecraft:black_stained_glass":13,"minecraft:white_carpet":31,"minecraft:chiseled_quartz_block":64,"minecraft:coarse_dirt":1,"minecraft:obsidian":27},"minecraft:custom":{"minecraft:time_since_rest":1334,"minecraft:sprint_one_cm":56142,"minecraft:damage_taken":1639,"minecraft:walk_one_cm":38623,"minecraft:mob_kills":5,"minecraft:drop":3,"minecraft:damage_dealt":2000,"minecraft:player_kills":6,"minecraft:fly_one_cm":607002,"minecraft:crouch_one_cm":1982,"minecraft:play_time":51545,"minecraft:deaths":4,"minecraft:sneak_time":3089,"minecraft:jump":328,"minecraft:leave_game":1,"minecraft:walk_on_water_one_cm":1362,"minecraft:time_since_death":1293,"minecraft:climb_one_cm":6445,"minecraft:total_world_time":51545,"minecraft:fall_one_cm":16961},"minecraft:picked_up":{"minecraft:stick":2,"minecraft:coarse_dirt":1,"minecraft:torch":1,"minecraft:quartz_pillar":1,"minecraft:spider_eye":1,"minecraft:string":3,"minecraft:podzol":1,"minecraft:iron_shovel":1,"minecraft:bone":2,"minecraft:arrow":2,"minecraft:rotten_flesh":2,"minecraft:bow":1,"minecraft:ender_pearl":1}},"DataVersion":3700}